StudentID,Cryogenic Physics,Evolutionary Dynamics,Dark Energy,Stellar Chemistry,Sublight Propulsion Systems,Transdimensional Navigation,Neural Computation,Plasma Physics,Crystalline Geology,Pulsar Spectroscopy,Propulsion Systems,Radiation Shielding,Atmospheric Chemistry,Warp Field Theory,Plasmawave Analysis,Exoplanet Climatology,Astrology,Magnetosphere Modeling,Graviton Dynamics,Xyloprax Computation,Mineral Extraction,Synthetic Atmospheres,Quantum Fluids,Nanostructures Fabrication,Photonic Computing,Orbital Mechanics,Neutrino Engineering,Astrogeophysics,Genomic Engineering,Particle Isolation,Nuclear Synthesis,Xenorobotics Systems,Cartographic Topologies,Exotic Matter,Plasma Containment,Bioluminal Signals
312804,6,6,6,6,7,6,7,6,6,7,7,6,NG,7,6,6,6,6,6,7,6,6,6,6,NG,6,8,NG,6,5,6,6,NG,8,6,6
311913,NG,NG,7,8,NG,NG,NG,7,7,5,NG,6,NG,8,5,6,5,NG,9,6,NG,NG,6,NG,NG,8,7,NG,7,NG,NG,6,NG,5,NG,NG
311635,NG,NG,7,9,NG,NG,NG,7,8,7,NG,7,NG,8,6,5,6,8,10,7,NG,NG,7,NG,NG,7,6,NG,8,NG,6,7,NG,6,NG,NG
312932,6,8,8,7,8,7,8,7,6,9,8,8,NG,8,6,6,8,8,9,9,9,7,7,7,NG,7,7,NG,7,7,7,8,NG,8,7,5
312929,6,6,6,6,8,6,7,7,6,7,7,7,NG,7,8,8,6,6,6,7,6,7,6,7,NG,7,7,NG,6,7,6,6,NG,8,6,6
310652,NG,NG,NG,NG,NG,NG,NG,8,NG,9,NG,NG,NG,NG,9,NG,NG,NG,6,8,NG,NG,8,NG,NG,NG,NG,NG,7,NG,NG,7,NG,NG,NG,NG
311334,NG,NG,NG,NG,NG,NG,NG,5,NG,NG,NG,NG,NG,NG,3,NG,NG,NG,7,6,NG,NG,NG,NG,NG,NG,NG,NG,5,NG,NG,4,NG,NG,NG,NG
312229,NG,NG,6,8,NG,NG,NG,6,7,5,NG,6,NG,7,5,5,4,NG,8,5,NG,NG,6,NG,NG,6,5,NG,6,NG,NG,7,NG,4,NG,NG
312260,NG,NG,5,7,NG,NG,NG,6,NG,5,NG,5,NG,6,6,7,4,6,6,5,NG,NG,NG,NG,NG,7,7,NG,5,NG,5,5,NG,6,NG,NG
310457,NG,NG,NG,NG,NG,NG,NG,6,NG,5,NG,NG,NG,NG,7,NG,NG,NG,7,6,NG,NG,6,NG,NG,NG,NG,NG,5,NG,NG,6,NG,NG,NG,NG
310772,NG,NG,NG,NG,NG,NG,NG,8,NG,8,NG,NG,NG,NG,6,NG,NG,NG,10,8,NG,NG,6,NG,NG,NG,NG,NG,8,NG,NG,8,NG,NG,NG,NG
312694,NG,NG,7,8,NG,NG,NG,7,7,6,NG,6,NG,7,5,6,6,6,8,6,NG,NG,6,NG,NG,7,7,NG,6,NG,NG,6,NG,6,NG,NG
311768,NG,NG,7,6,NG,NG,NG,5,NG,NG,NG,5,NG,7,4,NG,5,NG,7,7,NG,NG,NG,NG,NG,5,NG,NG,6,NG,NG,5,NG,4,NG,NG
311332,NG,NG,NG,NG,NG,NG,NG,6,NG,4,NG,NG,NG,NG,6,NG,NG,NG,7,7,NG,NG,NG,NG,NG,NG,NG,NG,6,NG,NG,4,NG,NG,NG,NG
311786,NG,NG,5,6,NG,NG,NG,5,5,NG,NG,6,NG,6,5,5,5,NG,8,5,NG,NG,6,NG,NG,6,NG,NG,5,NG,NG,7,NG,4,NG,NG
312415,NG,NG,5,6,NG,NG,NG,5,5,NG,NG,7,NG,7,7,7,5,6,7,7,NG,NG,7,NG,NG,7,NG,NG,6,NG,6,7,NG,7,NG,NG
311664,NG,NG,8,8,NG,NG,NG,7,7,8,NG,7,NG,7,6,6,6,6,6,7,NG,NG,6,NG,NG,7,8,NG,6,NG,6,6,NG,7,NG,NG
313173,8,8,8,10,9,9,7,8,8,8,7,8,NG,9,6,7,7,8,10,9,8,10,7,7,NG,7,7,NG,8,9,7,8,NG,7,6,7
313339,7,6,8,9,8,7,8,7,7,8,8,8,NG,8,6,7,6,7,8,8,7,7,6,7,NG,7,8,NG,7,7,7,6,NG,8,6,7
312510,NG,NG,5,7,NG,NG,NG,5,5,NG,NG,4,NG,6,5,5,3,NG,7,4,NG,NG,6,NG,NG,6,NG,NG,5,NG,NG,6,NG,4,NG,NG
312574,NG,NG,7,8,NG,NG,NG,7,7,8,NG,7,NG,7,7,7,6,6,7,7,NG,NG,7,NG,NG,7,8,NG,6,NG,6,7,NG,7,NG,NG
312269,NG,NG,8,8,NG,NG,NG,7,7,8,NG,6,NG,7,6,7,5,5,6,7,NG,NG,6,NG,NG,8,9,NG,7,NG,6,6,NG,8,NG,NG
311252,NG,NG,NG,NG,NG,NG,NG,7,NG,8,NG,NG,NG,NG,7,NG,NG,NG,8,8,NG,NG,7,NG,NG,NG,NG,NG,7,NG,NG,6,NG,NG,NG,NG
310901,NG,NG,NG,NG,NG,NG,NG,5,NG,NG,NG,NG,NG,NG,6,NG,NG,NG,6,4,NG,NG,NG,NG,NG,NG,NG,NG,4,NG,NG,5,NG,NG,NG,NG
311132,NG,NG,NG,NG,NG,NG,NG,7,NG,9,NG,NG,NG,NG,9,NG,NG,NG,7,7,NG,NG,8,NG,NG,NG,NG,NG,6,NG,NG,7,NG,NG,NG,NG
311933,NG,NG,8,9,NG,NG,NG,7,7,8,NG,8,NG,9,8,7,7,8,9,9,NG,NG,8,NG,NG,8,7,NG,8,NG,7,8,NG,7,NG,NG
313351,8,8,8,10,8,9,7,7,8,7,7,8,NG,9,8,8,6,8,10,8,7,9,8,8,NG,9,8,NG,8,10,7,8,NG,7,7,7
310447,NG,NG,NG,NG,NG,NG,NG,8,NG,7,NG,NG,NG,NG,9,NG,NG,NG,7,7,NG,NG,8,NG,NG,NG,NG,NG,7,NG,NG,7,NG,NG,NG,NG
310399,NG,NG,NG,NG,NG,NG,NG,9,NG,9,NG,NG,NG,NG,8,NG,NG,NG,9,8,NG,NG,8,NG,NG,NG,NG,NG,8,NG,NG,7,NG,NG,NG,NG
313597,6,6,6,8,5,7,7,7,7,8,7,6,NG,7,6,6,5,7,7,6,6,7,7,6,NG,8,7,NG,6,7,6,7,NG,6,NG,5
311599,NG,NG,7,6,NG,NG,NG,6,NG,5,NG,5,NG,6,5,NG,5,4,6,6,NG,NG,NG,NG,NG,5,7,NG,5,NG,NG,3,NG,6,NG,NG
311049,NG,NG,NG,NG,NG,NG,NG,7,NG,7,NG,NG,NG,NG,8,NG,NG,NG,6,8,NG,NG,7,NG,NG,NG,NG,NG,6,NG,NG,6,NG,NG,NG,NG
311922,NG,NG,6,8,NG,NG,NG,6,8,7,NG,6,NG,6,6,5,4,5,7,5,NG,NG,7,NG,NG,7,7,NG,6,NG,6,7,NG,6,NG,NG
310610,NG,NG,NG,NG,NG,NG,NG,7,NG,6,NG,NG,NG,NG,7,NG,NG,NG,8,6,NG,NG,7,NG,NG,NG,NG,NG,6,NG,NG,7,NG,NG,NG,NG
311669,NG,NG,5,6,NG,NG,NG,5,NG,NG,NG,5,NG,6,5,6,3,NG,6,5,NG,NG,NG,NG,NG,6,NG,NG,4,NG,NG,5,NG,5,NG,NG
313547,7,9,8,8,9,8,7,7,7,8,7,8,NG,8,8,7,7,8,10,8,8,8,7,8,NG,8,8,NG,7,9,7,9,NG,8,7,6
312703,NG,NG,6,8,NG,NG,NG,6,6,6,NG,7,NG,8,7,8,5,7,9,6,NG,NG,6,NG,NG,7,7,NG,7,NG,6,7,NG,6,NG,NG
313334,5,NG,6,7,NG,5,NG,6,5,7,NG,6,NG,5,7,7,5,4,5,6,NG,NG,6,6,NG,7,7,NG,5,NG,6,6,NG,8,NG,NG
311706,NG,NG,5,4,NG,NG,NG,4,NG,NG,NG,NG,NG,6,4,NG,6,NG,6,7,NG,NG,NG,NG,NG,4,NG,NG,4,NG,NG,5,NG,6,NG,NG
311918,NG,NG,6,8,NG,NG,NG,7,7,8,NG,6,NG,6,6,6,5,5,7,6,NG,NG,8,NG,NG,8,8,NG,6,NG,7,8,NG,7,NG,NG
312245,NG,NG,8,9,NG,NG,NG,8,8,9,NG,8,NG,8,8,7,7,7,8,8,NG,NG,7,NG,NG,8,10,NG,7,NG,7,7,NG,8,NG,NG
312297,NG,NG,9,9,NG,NG,NG,8,7,7,NG,8,NG,9,9,9,NG,8,8,9,NG,NG,6,NG,NG,8,10,NG,8,NG,6,6,NG,9,NG,NG
312310,NG,NG,8,8,NG,NG,NG,7,NG,7,NG,7,NG,8,7,7,7,7,8,8,NG,NG,NG,NG,NG,6,8,NG,8,NG,5,5,NG,7,NG,NG
313611,6,NG,6,7,NG,5,NG,6,6,8,NG,7,NG,6,7,6,6,6,7,6,NG,NG,7,7,NG,8,6,NG,5,NG,7,7,NG,8,NG,NG
311729,NG,NG,7,8,NG,NG,NG,6,5,7,NG,8,NG,8,7,8,7,7,8,8,NG,NG,6,NG,NG,7,8,NG,7,NG,6,6,NG,8,NG,NG
310161,NG,NG,NG,NG,NG,NG,NG,8,NG,10,NG,NG,NG,NG,9,NG,NG,NG,8,8,NG,NG,8,NG,NG,NG,NG,NG,7,NG,NG,7,NG,NG,NG,NG
310120,NG,NG,NG,NG,NG,NG,NG,5,NG,NG,NG,NG,NG,NG,5,NG,NG,NG,5,6,NG,NG,NG,NG,NG,NG,NG,NG,4,NG,NG,4,NG,NG,NG,NG
310295,NG,NG,NG,NG,NG,NG,NG,6,NG,8,NG,NG,NG,NG,6,NG,NG,NG,7,5,NG,NG,8,NG,NG,NG,NG,NG,6,NG,NG,7,NG,NG,NG,NG
310177,NG,NG,NG,NG,NG,NG,NG,10,NG,9,NG,NG,NG,NG,7,NG,NG,NG,10,9,NG,NG,9,NG,NG,NG,NG,NG,9,NG,NG,8,NG,NG,NG,NG
312069,NG,NG,9,9,NG,NG,NG,7,7,6,NG,8,NG,8,8,8,6,8,9,8,NG,NG,6,NG,NG,8,8,NG,8,NG,7,6,NG,7,NG,NG
311886,NG,NG,7,10,NG,NG,NG,8,8,7,NG,7,NG,9,8,8,6,7,8,7,NG,NG,8,NG,NG,9,9,NG,8,NG,8,8,NG,7,NG,NG
311602,NG,NG,7,9,NG,NG,NG,8,7,7,NG,8,NG,8,7,7,6,8,9,7,NG,NG,8,NG,NG,8,7,NG,7,NG,7,8,NG,6,NG,NG
311678,NG,NG,6,8,NG,NG,NG,6,NG,7,NG,4,NG,5,5,4,4,4,6,6,NG,NG,NG,NG,NG,6,7,NG,5,NG,NG,5,NG,6,NG,NG
310584,NG,NG,NG,NG,NG,NG,NG,8,NG,7,NG,NG,NG,NG,8,NG,NG,NG,9,9,NG,NG,7,NG,NG,NG,NG,NG,8,NG,NG,7,NG,NG,NG,NG
310205,NG,NG,NG,NG,NG,NG,NG,5,NG,NG,NG,NG,NG,NG,3,NG,NG,NG,7,7,NG,NG,NG,NG,NG,NG,NG,NG,5,NG,NG,4,NG,NG,NG,NG
313734,6,6,6,8,6,7,6,7,6,6,6,7,NG,7,6,7,5,7,8,6,5,7,6,6,NG,8,7,NG,6,7,6,6,NG,6,NG,6
310461,NG,NG,NG,NG,NG,NG,NG,8,NG,8,NG,NG,NG,NG,8,NG,NG,NG,9,9,NG,NG,8,NG,NG,NG,NG,NG,7,NG,NG,7,NG,NG,NG,NG
312002,NG,NG,7,9,NG,NG,NG,8,8,8,NG,7,NG,8,6,6,6,6,8,6,NG,NG,8,NG,NG,8,8,NG,7,NG,7,7,NG,6,NG,NG
313730,6,NG,7,8,NG,7,NG,6,6,6,NG,6,NG,7,5,6,5,NG,7,6,NG,6,6,6,NG,6,6,NG,6,NG,NG,6,NG,5,NG,NG
311804,NG,NG,6,9,NG,NG,NG,7,7,7,NG,7,NG,8,8,8,4,6,7,7,NG,NG,8,NG,NG,10,7,NG,7,NG,8,8,NG,6,NG,NG
313155,5,5,6,7,NG,6,5,6,6,7,6,6,NG,6,6,6,4,5,7,6,6,6,6,6,NG,7,7,NG,6,NG,6,6,NG,6,NG,5
312317,NG,NG,8,8,NG,NG,NG,7,6,8,NG,7,NG,7,7,7,6,5,7,7,NG,NG,6,NG,NG,8,9,NG,7,NG,5,6,NG,7,NG,NG
310135,NG,NG,NG,NG,NG,NG,NG,7,NG,7,NG,NG,NG,NG,9,NG,NG,NG,10,9,NG,NG,8,NG,NG,NG,NG,NG,8,NG,NG,8,NG,NG,NG,NG
311346,NG,NG,NG,NG,NG,NG,NG,7,NG,6,NG,NG,NG,NG,8,NG,NG,NG,9,7,NG,NG,8,NG,NG,NG,NG,NG,6,NG,NG,8,NG,NG,NG,NG
310957,NG,NG,NG,NG,NG,NG,NG,7,NG,6,NG,NG,NG,NG,7,NG,NG,NG,9,8,NG,NG,6,NG,NG,NG,NG,NG,8,NG,NG,6,NG,NG,NG,NG
313581,6,7,7,8,5,7,8,7,8,9,9,7,NG,7,8,7,6,7,8,6,7,6,10,7,NG,10,8,NG,6,7,8,9,NG,7,8,6
311170,NG,NG,NG,NG,NG,NG,NG,6,NG,7,NG,NG,NG,NG,6,NG,NG,NG,8,7,NG,NG,5,NG,NG,NG,NG,NG,6,NG,NG,6,NG,NG,NG,NG
310060,NG,NG,NG,NG,NG,NG,NG,5,NG,NG,NG,NG,NG,NG,6,NG,NG,NG,7,4,NG,NG,6,NG,NG,NG,NG,NG,4,NG,NG,6,NG,NG,NG,NG
311883,NG,NG,7,9,NG,NG,NG,8,8,8,NG,8,NG,7,7,6,6,7,10,7,NG,NG,9,NG,NG,8,8,NG,7,NG,7,9,NG,7,NG,NG
313539,8,9,8,10,8,10,9,9,10,10,9,9,NG,9,8,8,7,10,10,8,9,10,10,9,NG,10,8,NG,9,9,9,10,NG,8,8,7
311020,NG,NG,NG,NG,NG,NG,NG,5,NG,NG,NG,NG,NG,NG,4,NG,NG,NG,6,5,NG,NG,NG,NG,NG,NG,NG,NG,5,NG,NG,4,NG,NG,NG,NG
312356,NG,NG,8,8,NG,NG,NG,7,6,7,NG,8,NG,8,7,8,7,7,7,8,NG,NG,6,NG,NG,7,8,NG,7,NG,5,6,NG,8,NG,NG
312654,NG,NG,8,7,NG,NG,NG,7,6,9,NG,9,NG,8,8,8,8,8,8,9,NG,NG,7,NG,NG,8,8,NG,7,NG,7,8,NG,9,NG,NG
313316,6,5,6,8,6,6,7,6,6,8,8,7,NG,7,6,6,6,6,7,6,6,6,8,6,NG,7,7,NG,6,NG,6,7,NG,7,6,5
310442,NG,NG,NG,NG,NG,NG,NG,6,NG,6,NG,NG,NG,NG,7,NG,NG,NG,8,7,NG,NG,7,NG,NG,NG,NG,NG,7,NG,NG,7,NG,NG,NG,NG
310916,NG,NG,NG,NG,NG,NG,NG,8,NG,9,NG,NG,NG,NG,10,NG,NG,NG,8,9,NG,NG,8,NG,NG,NG,NG,NG,8,NG,NG,8,NG,NG,NG,NG
310730,NG,NG,NG,NG,NG,NG,NG,8,NG,8,NG,NG,NG,NG,6,NG,NG,NG,10,8,NG,NG,7,NG,NG,NG,NG,NG,8,NG,NG,7,NG,NG,NG,NG
311582,NG,NG,8,10,NG,NG,NG,7,8,7,NG,7,NG,8,8,8,6,8,9,7,NG,NG,9,NG,NG,10,9,NG,7,NG,8,8,NG,8,NG,NG
313084,6,6,6,8,5,7,7,6,7,8,8,6,NG,6,6,6,4,6,8,6,6,6,8,7,NG,9,7,NG,6,5,7,7,NG,6,NG,5
310279,NG,NG,NG,NG,NG,NG,NG,7,NG,6,NG,NG,NG,NG,5,NG,NG,NG,9,7,NG,NG,5,NG,NG,NG,NG,NG,7,NG,NG,6,NG,NG,NG,NG
312076,NG,NG,5,7,NG,NG,NG,6,6,6,NG,6,NG,7,6,7,5,7,7,6,NG,NG,7,NG,NG,8,6,NG,6,NG,6,7,NG,6,NG,NG
310428,NG,NG,NG,NG,NG,NG,NG,8,NG,9,NG,NG,NG,NG,7,NG,NG,NG,8,8,NG,NG,8,NG,NG,NG,NG,NG,6,NG,NG,8,NG,NG,NG,NG
313410,9,8,9,10,9,10,8,9,8,8,7,8,NG,9,8,8,7,8,10,8,8,10,9,8,NG,9,9,NG,8,10,7,8,NG,7,7,8
310960,NG,NG,NG,NG,NG,NG,NG,8,NG,10,NG,NG,NG,NG,8,NG,NG,NG,10,10,NG,NG,8,NG,NG,NG,NG,NG,8,NG,NG,9,NG,NG,NG,NG
311968,NG,NG,7,6,NG,NG,NG,6,NG,4,NG,5,NG,7,5,5,5,NG,8,6,NG,NG,NG,NG,NG,6,6,NG,6,NG,NG,4,NG,4,NG,NG
311995,NG,NG,7,9,NG,NG,NG,8,8,6,NG,6,NG,8,6,6,6,NG,10,6,NG,NG,7,NG,NG,7,6,NG,7,NG,6,7,NG,5,NG,NG
312714,NG,NG,7,8,NG,NG,NG,7,6,7,NG,7,NG,7,7,8,4,6,7,6,NG,NG,7,NG,NG,8,8,NG,6,NG,6,6,NG,7,NG,NG
313065,7,7,7,9,6,8,7,8,9,9,8,8,NG,8,7,7,6,7,9,7,7,8,9,7,NG,9,7,NG,7,7,8,9,NG,7,7,6
312209,NG,NG,6,6,NG,NG,NG,6,NG,6,NG,5,NG,6,5,NG,4,NG,7,6,NG,NG,NG,NG,NG,5,5,NG,6,NG,NG,5,NG,5,NG,NG
313651,5,NG,6,6,NG,4,NG,5,4,NG,NG,6,NG,6,7,7,5,4,6,6,NG,NG,6,6,NG,7,NG,NG,4,NG,6,6,NG,8,NG,NG
313191,6,NG,6,8,NG,6,NG,6,7,7,NG,6,NG,6,6,5,4,5,6,5,NG,NG,7,6,NG,8,7,NG,5,NG,6,6,NG,6,NG,NG
312767,7,7,8,9,8,8,9,8,7,9,10,8,NG,7,8,7,7,7,8,8,8,8,9,8,NG,9,9,NG,7,7,8,8,NG,9,7,7
312411,NG,NG,6,6,NG,NG,NG,5,NG,NG,NG,5,NG,6,4,NG,5,5,7,6,NG,NG,NG,NG,NG,5,NG,NG,6,NG,NG,4,NG,6,NG,NG
312194,NG,NG,4,5,NG,NG,NG,4,NG,NG,NG,NG,NG,5,6,6,2,NG,6,5,NG,NG,NG,NG,NG,6,NG,NG,4,NG,6,5,NG,5,NG,NG
311781,NG,NG,6,6,NG,NG,NG,6,NG,5,NG,5,NG,6,5,NG,4,NG,6,6,NG,NG,NG,NG,NG,5,6,NG,5,NG,NG,4,NG,5,NG,NG
311522,NG,NG,NG,NG,NG,NG,NG,8,NG,10,NG,NG,NG,NG,8,NG,NG,NG,10,9,NG,NG,8,NG,NG,NG,NG,NG,8,NG,NG,9,NG,NG,NG,NG
311796,NG,NG,5,7,NG,NG,NG,6,NG,7,NG,6,NG,6,5,5,4,NG,7,5,NG,NG,8,NG,NG,7,6,NG,5,NG,NG,7,NG,5,NG,NG
310545,NG,NG,NG,NG,NG,NG,NG,7,NG,6,NG,NG,NG,NG,7,NG,NG,NG,9,7,NG,NG,7,NG,NG,NG,NG,NG,7,NG,NG,7,NG,NG,NG,NG
310876,NG,NG,NG,NG,NG,NG,NG,6,NG,5,NG,NG,NG,NG,7,NG,NG,NG,9,7,NG,NG,6,NG,NG,NG,NG,NG,7,NG,NG,6,NG,NG,NG,NG
313048,7,7,7,9,7,8,7,7,7,7,7,7,NG,7,7,6,6,7,8,7,7,8,7,6,NG,7,8,NG,7,8,6,7,NG,7,6,7
311936,NG,NG,7,8,NG,NG,NG,7,6,7,NG,8,NG,8,7,8,6,8,9,8,NG,NG,8,NG,NG,8,7,NG,7,NG,7,8,NG,8,NG,NG
312279,NG,NG,5,7,NG,NG,NG,6,NG,5,NG,5,NG,6,4,4,3,NG,6,4,NG,NG,NG,NG,NG,6,5,NG,5,NG,NG,5,NG,5,NG,NG
312291,NG,NG,7,10,NG,NG,NG,8,8,8,NG,7,NG,7,7,7,6,6,8,6,NG,NG,9,NG,NG,9,8,NG,6,NG,8,8,NG,7,NG,NG
310794,NG,NG,NG,NG,NG,NG,NG,7,NG,7,NG,NG,NG,NG,8,NG,NG,NG,8,7,NG,NG,7,NG,NG,NG,NG,NG,6,NG,NG,7,NG,NG,NG,NG
313555,6,NG,7,7,NG,7,NG,6,NG,6,NG,6,NG,8,6,6,6,6,7,8,NG,8,NG,6,NG,6,7,NG,6,NG,4,5,NG,6,NG,NG
312501,NG,NG,6,7,NG,NG,NG,6,5,3,NG,5,NG,6,3,NG,4,NG,8,4,NG,NG,5,NG,NG,5,4,NG,6,NG,NG,6,NG,4,NG,NG
310422,NG,NG,NG,NG,NG,NG,NG,5,NG,NG,NG,NG,NG,NG,6,NG,NG,NG,6,4,NG,NG,8,NG,NG,NG,NG,NG,4,NG,NG,7,NG,NG,NG,NG
310462,NG,NG,NG,NG,NG,NG,NG,8,NG,9,NG,NG,NG,NG,8,NG,NG,NG,10,9,NG,NG,8,NG,NG,NG,NG,NG,7,NG,NG,9,NG,NG,NG,NG
310443,NG,NG,NG,NG,NG,NG,NG,5,NG,NG,NG,NG,NG,NG,6,NG,NG,NG,5,4,NG,NG,6,NG,NG,NG,NG,NG,4,NG,NG,6,NG,NG,NG,NG
310859,NG,NG,NG,NG,NG,NG,NG,7,NG,7,NG,NG,NG,NG,8,NG,NG,NG,9,8,NG,NG,7,NG,NG,NG,NG,NG,7,NG,NG,7,NG,NG,NG,NG
312342,NG,NG,5,7,NG,NG,NG,6,6,6,NG,5,NG,6,6,5,3,NG,7,4,NG,NG,7,NG,NG,7,6,NG,4,NG,6,6,NG,5,NG,NG
310249,NG,NG,NG,NG,NG,NG,NG,6,NG,6,NG,NG,NG,NG,7,NG,NG,NG,7,5,NG,NG,6,NG,NG,NG,NG,NG,NG,NG,NG,6,NG,NG,NG,NG
313441,5,NG,6,6,NG,6,NG,6,NG,6,NG,7,NG,7,6,6,6,6,6,7,NG,7,NG,6,NG,6,7,NG,6,NG,5,5,NG,6,NG,NG
312162,NG,NG,10,10,NG,NG,NG,8,9,10,NG,9,NG,9,8,8,9,8,10,9,NG,NG,9,NG,NG,9,9,NG,9,NG,9,10,NG,9,NG,NG
312154,NG,NG,8,8,NG,NG,NG,7,6,7,NG,7,NG,8,7,7,6,7,8,8,NG,NG,5,NG,NG,7,8,NG,7,NG,6,6,NG,7,NG,NG
311290,NG,NG,NG,NG,NG,NG,NG,8,NG,8,NG,NG,NG,NG,6,NG,NG,NG,8,6,NG,NG,8,NG,NG,NG,NG,NG,6,NG,NG,8,NG,NG,NG,NG
312741,5,NG,5,7,NG,7,NG,6,NG,5,NG,4,NG,6,4,NG,4,NG,6,5,NG,NG,NG,4,NG,5,6,NG,5,NG,NG,4,NG,4,NG,NG
310636,NG,NG,NG,NG,NG,NG,NG,6,NG,7,NG,NG,NG,NG,6,NG,NG,NG,7,6,NG,NG,6,NG,NG,NG,NG,NG,5,NG,NG,6,NG,NG,NG,NG
310463,NG,NG,NG,NG,NG,NG,NG,6,NG,6,NG,NG,NG,NG,6,NG,NG,NG,6,7,NG,NG,NG,NG,NG,NG,NG,NG,6,NG,NG,5,NG,NG,NG,NG
310027,NG,NG,NG,NG,NG,NG,NG,6,NG,6,NG,NG,NG,NG,6,NG,NG,NG,8,8,NG,NG,5,NG,NG,NG,NG,NG,7,NG,NG,6,NG,NG,NG,NG
313028,8,8,9,10,9,10,9,9,9,8,8,8,NG,10,7,8,7,9,10,8,8,10,8,8,NG,9,9,NG,8,10,7,8,NG,7,7,8
312288,NG,NG,7,10,NG,NG,NG,8,9,8,NG,8,NG,8,10,10,6,8,9,6,NG,NG,10,NG,NG,10,9,NG,7,NG,8,9,NG,9,NG,NG
310411,NG,NG,NG,NG,NG,NG,NG,5,NG,NG,NG,NG,NG,NG,4,NG,NG,NG,6,5,NG,NG,NG,NG,NG,NG,NG,NG,4,NG,NG,5,NG,NG,NG,NG
310080,NG,NG,NG,NG,NG,NG,NG,7,NG,7,NG,NG,NG,NG,8,NG,NG,NG,8,7,NG,NG,8,NG,NG,NG,NG,NG,6,NG,NG,7,NG,NG,NG,NG
311391,NG,NG,NG,NG,NG,NG,NG,8,NG,10,NG,NG,NG,NG,7,NG,NG,NG,9,8,NG,NG,8,NG,NG,NG,NG,NG,8,NG,NG,8,NG,NG,NG,NG
312666,NG,NG,7,8,NG,NG,NG,6,6,6,NG,6,NG,6,5,5,5,NG,8,6,NG,NG,6,NG,NG,6,6,NG,6,NG,NG,6,NG,5,NG,NG
310858,NG,NG,NG,NG,NG,NG,NG,5,NG,NG,NG,NG,NG,NG,4,NG,NG,NG,8,5,NG,NG,NG,NG,NG,NG,NG,NG,6,NG,NG,5,NG,NG,NG,NG
311879,NG,NG,8,10,NG,NG,NG,9,9,9,NG,8,NG,8,7,7,6,7,8,7,NG,NG,9,NG,NG,9,9,NG,7,NG,8,8,NG,8,NG,NG
313655,9,9,8,10,10,10,6,8,7,6,7,7,NG,10,8,9,6,9,10,8,8,10,7,9,NG,9,9,NG,9,10,6,8,NG,7,7,9
313124,6,6,6,7,6,7,6,6,6,7,6,6,NG,6,6,6,5,6,8,6,5,6,6,6,NG,7,6,NG,6,6,6,7,NG,6,NG,NG
311899,NG,NG,7,8,NG,NG,NG,8,7,9,NG,7,NG,7,7,7,6,6,7,7,NG,NG,8,NG,NG,9,9,NG,7,NG,7,6,NG,8,NG,NG
311988,NG,NG,9,9,NG,NG,NG,8,8,9,NG,9,NG,9,8,8,8,9,10,9,NG,NG,8,NG,NG,9,9,NG,9,NG,8,9,NG,9,NG,NG
312783,8,7,9,9,10,8,10,8,8,9,10,8,NG,9,9,9,7,7,8,9,8,8,8,9,NG,10,10,NG,8,9,8,7,NG,10,8,10
313715,6,NG,6,7,NG,7,NG,6,6,5,NG,6,NG,7,6,6,4,NG,8,4,NG,7,6,6,NG,7,6,NG,6,NG,5,6,NG,5,NG,NG
312749,7,8,8,9,8,8,7,8,7,8,8,8,NG,9,8,7,7,8,9,9,8,8,8,8,NG,9,7,NG,8,8,8,8,NG,8,7,7
313391,6,NG,7,7,NG,7,NG,6,5,6,NG,7,NG,8,6,8,6,7,8,8,NG,8,5,7,NG,6,7,NG,7,NG,5,6,NG,6,NG,NG
311505,NG,NG,NG,NG,NG,NG,NG,6,NG,6,NG,NG,NG,NG,7,NG,NG,NG,6,6,NG,NG,6,NG,NG,NG,NG,NG,5,NG,NG,6,NG,NG,NG,NG
312201,NG,NG,7,7,NG,NG,NG,6,6,7,NG,7,NG,7,7,7,6,7,7,8,NG,NG,7,NG,NG,7,7,NG,7,NG,6,6,NG,7,NG,NG
311698,NG,NG,5,7,NG,NG,NG,6,7,6,NG,6,NG,7,8,7,4,7,8,6,NG,NG,7,NG,NG,8,6,NG,6,NG,6,8,NG,6,NG,NG
313502,6,7,7,7,7,7,6,6,7,7,6,7,NG,7,6,6,6,6,8,7,7,7,6,6,NG,6,6,NG,6,7,6,7,NG,6,5,5
311812,NG,NG,8,9,NG,NG,NG,7,7,7,NG,7,NG,8,7,7,6,8,9,8,NG,NG,7,NG,NG,7,8,NG,7,NG,6,7,NG,7,NG,NG
312476,NG,NG,6,7,NG,NG,NG,7,6,8,NG,7,NG,6,8,7,5,5,7,7,NG,NG,8,NG,NG,9,8,NG,6,NG,8,7,NG,8,NG,NG
312221,NG,NG,8,10,NG,NG,NG,8,9,10,NG,8,NG,8,7,7,7,7,9,7,NG,NG,9,NG,NG,9,8,NG,7,NG,8,9,NG,8,NG,NG
311869,NG,NG,8,7,NG,NG,NG,7,5,9,NG,8,NG,7,8,8,6,6,7,9,NG,NG,6,NG,NG,8,8,NG,6,NG,7,6,NG,8,NG,NG
313688,6,NG,6,8,6,7,7,6,6,7,7,6,NG,6,6,5,5,6,7,6,6,6,7,5,NG,6,6,NG,6,NG,6,6,NG,6,NG,5
312740,7,7,7,7,9,7,6,6,6,7,7,6,NG,7,8,8,6,7,7,7,6,7,6,6,NG,7,8,NG,6,8,6,6,NG,8,6,7
313236,5,5,6,7,NG,6,6,6,6,7,6,6,NG,6,6,6,5,5,6,6,5,6,7,6,NG,7,7,NG,6,NG,6,6,NG,7,NG,5
311153,NG,NG,NG,NG,NG,NG,NG,7,NG,6,NG,NG,NG,NG,8,NG,NG,NG,9,9,NG,NG,6,NG,NG,NG,NG,NG,7,NG,NG,6,NG,NG,NG,NG
310364,NG,NG,NG,NG,NG,NG,NG,6,NG,6,NG,NG,NG,NG,6,NG,NG,NG,8,6,NG,NG,6,NG,NG,NG,NG,NG,6,NG,NG,6,NG,NG,NG,NG
310942,NG,NG,NG,NG,NG,NG,NG,8,NG,9,NG,NG,NG,NG,7,NG,NG,NG,9,9,NG,NG,8,NG,NG,NG,NG,NG,7,NG,NG,9,NG,NG,NG,NG
312433,NG,NG,5,7,NG,NG,NG,6,7,7,NG,6,NG,6,6,5,5,6,8,6,NG,NG,7,NG,NG,7,6,NG,6,NG,6,8,NG,6,NG,NG
310331,NG,NG,NG,NG,NG,NG,NG,6,NG,7,NG,NG,NG,NG,7,NG,NG,NG,7,8,NG,NG,NG,NG,NG,NG,NG,NG,7,NG,NG,5,NG,NG,NG,NG
310712,NG,NG,NG,NG,NG,NG,NG,8,NG,9,NG,NG,NG,NG,7,NG,NG,NG,10,7,NG,NG,9,NG,NG,NG,NG,NG,7,NG,NG,8,NG,NG,NG,NG
311941,NG,NG,7,8,NG,NG,NG,7,6,8,NG,8,NG,8,8,7,7,7,7,8,NG,NG,7,NG,NG,8,7,NG,7,NG,6,7,NG,8,NG,NG
313169,7,7,7,10,7,9,8,9,8,9,9,8,NG,8,8,7,6,8,10,7,7,8,10,7,NG,10,8,NG,8,8,8,8,NG,7,8,7
312168,NG,NG,8,8,NG,NG,NG,8,8,9,NG,8,NG,7,6,6,7,7,8,8,NG,NG,7,NG,NG,7,8,NG,7,NG,7,7,NG,7,NG,NG
311371,NG,NG,NG,NG,NG,NG,NG,6,NG,7,NG,NG,NG,NG,7,NG,NG,NG,8,5,NG,NG,9,NG,NG,NG,NG,NG,5,NG,NG,7,NG,NG,NG,NG
311703,NG,NG,8,9,NG,NG,NG,9,8,8,NG,8,NG,9,7,8,7,8,10,8,NG,NG,8,NG,NG,8,7,NG,8,NG,7,9,NG,7,NG,NG
312488,NG,NG,6,7,NG,NG,NG,7,NG,7,NG,6,NG,6,8,8,5,6,6,7,NG,NG,NG,NG,NG,8,8,NG,6,NG,5,5,NG,8,NG,NG
312119,NG,NG,8,8,NG,NG,NG,7,7,9,NG,7,NG,8,9,9,5,6,7,7,NG,NG,7,NG,NG,9,10,NG,7,NG,7,6,NG,9,NG,NG
312768,7,8,8,8,10,9,7,8,6,7,8,8,NG,9,8,8,7,8,9,9,8,9,6,8,NG,7,8,NG,8,10,6,7,NG,7,7,7
311906,NG,NG,8,8,NG,NG,NG,7,7,7,NG,7,NG,8,4,NG,6,7,9,7,NG,NG,5,NG,NG,5,7,NG,7,NG,NG,6,NG,6,NG,NG
311509,NG,NG,NG,NG,NG,NG,NG,6,NG,8,NG,NG,NG,NG,7,NG,NG,NG,6,7,NG,NG,6,NG,NG,NG,NG,NG,6,NG,NG,6,NG,NG,NG,NG
312940,7,7,7,7,9,8,6,7,6,6,7,6,NG,8,6,7,6,7,8,7,7,8,6,6,NG,7,7,NG,6,8,6,6,NG,7,5,8
311997,NG,NG,8,8,NG,NG,NG,8,7,6,NG,7,NG,9,8,8,6,9,9,8,NG,NG,6,NG,NG,8,8,NG,8,NG,7,7,NG,7,NG,NG
311400,NG,NG,NG,NG,NG,NG,NG,5,NG,NG,NG,NG,NG,NG,5,NG,NG,NG,6,7,NG,NG,NG,NG,NG,NG,NG,NG,5,NG,NG,4,NG,NG,NG,NG
311477,NG,NG,NG,NG,NG,NG,NG,8,NG,7,NG,NG,NG,NG,8,NG,NG,NG,10,8,NG,NG,7,NG,NG,NG,NG,NG,8,NG,NG,7,NG,NG,NG,NG
313615,6,NG,6,7,NG,4,NG,6,5,6,NG,5,NG,5,6,6,4,4,6,6,NG,NG,6,5,NG,7,7,NG,4,NG,5,6,NG,6,NG,NG
311271,NG,NG,NG,NG,NG,NG,NG,5,NG,NG,NG,NG,NG,NG,5,NG,NG,NG,7,4,NG,NG,5,NG,NG,NG,NG,NG,5,NG,NG,6,NG,NG,NG,NG
312907,4,7,6,6,5,6,5,6,6,7,6,7,NG,6,6,6,5,7,8,6,6,7,6,6,NG,6,6,NG,6,6,6,7,NG,6,NG,5
311534,NG,NG,NG,NG,NG,NG,NG,7,NG,8,NG,NG,NG,NG,9,NG,NG,NG,5,7,NG,NG,8,NG,NG,NG,NG,NG,6,NG,NG,6,NG,NG,NG,NG
311319,NG,NG,NG,NG,NG,NG,NG,7,NG,8,NG,NG,NG,NG,7,NG,NG,NG,6,7,NG,NG,7,NG,NG,NG,NG,NG,6,NG,NG,6,NG,NG,NG,NG
310877,NG,NG,NG,NG,NG,NG,NG,5,NG,NG,NG,NG,NG,NG,6,NG,NG,NG,6,6,NG,NG,6,NG,NG,NG,NG,NG,5,NG,NG,6,NG,NG,NG,NG
312165,NG,NG,9,10,NG,NG,NG,9,9,9,NG,9,NG,9,10,10,7,8,9,8,NG,NG,9,NG,NG,10,9,NG,8,NG,9,9,NG,10,NG,NG
310194,NG,NG,NG,NG,NG,NG,NG,6,NG,9,NG,NG,NG,NG,7,NG,NG,NG,6,6,NG,NG,8,NG,NG,NG,NG,NG,5,NG,NG,7,NG,NG,NG,NG
310607,NG,NG,NG,NG,NG,NG,NG,6,NG,7,NG,NG,NG,NG,8,NG,NG,NG,7,6,NG,NG,8,NG,NG,NG,NG,NG,6,NG,NG,8,NG,NG,NG,NG
310871,NG,NG,NG,NG,NG,NG,NG,5,NG,NG,NG,NG,NG,NG,7,NG,NG,NG,5,6,NG,NG,NG,NG,NG,NG,NG,NG,4,NG,NG,5,NG,NG,NG,NG
312588,NG,NG,6,7,NG,NG,NG,6,6,5,NG,5,NG,8,7,7,4,NG,8,6,NG,NG,6,NG,NG,7,7,NG,6,NG,6,6,NG,5,NG,NG
310531,NG,NG,NG,NG,NG,NG,NG,9,NG,9,NG,NG,NG,NG,8,NG,NG,NG,10,9,NG,NG,9,NG,NG,NG,NG,NG,9,NG,NG,10,NG,NG,NG,NG
311744,NG,NG,9,9,NG,NG,NG,8,7,8,NG,8,NG,9,7,8,9,8,9,10,NG,NG,7,NG,NG,8,9,NG,8,NG,7,7,NG,9,NG,NG
312470,NG,NG,8,7,NG,NG,NG,6,6,7,NG,7,NG,7,4,5,7,6,9,8,NG,NG,6,NG,NG,6,6,NG,6,NG,NG,7,NG,6,NG,NG
312554,NG,NG,5,7,NG,NG,NG,6,6,8,NG,6,NG,5,6,NG,4,5,7,5,NG,NG,8,NG,NG,8,7,NG,4,NG,7,7,NG,7,NG,NG
313558,7,7,7,9,7,8,6,7,7,7,7,7,NG,8,8,8,4,7,8,7,6,8,8,7,NG,9,8,NG,7,9,7,8,NG,7,NG,7
313723,8,8,9,9,10,9,7,8,7,7,7,7,NG,9,6,7,8,8,9,8,9,9,6,7,NG,7,8,NG,8,9,6,6,NG,8,6,9
312373,NG,NG,6,9,NG,NG,NG,7,7,7,NG,7,NG,7,7,8,5,6,7,6,NG,NG,10,NG,NG,10,8,NG,6,NG,8,9,NG,7,NG,NG
313004,8,NG,8,8,NG,8,NG,7,NG,6,NG,7,NG,8,7,8,6,6,7,8,NG,8,NG,7,NG,7,8,NG,7,NG,6,5,NG,8,NG,NG
311074,NG,NG,NG,NG,NG,NG,NG,10,NG,10,NG,NG,NG,NG,9,NG,NG,NG,9,9,NG,NG,9,NG,NG,NG,NG,NG,8,NG,NG,9,NG,NG,NG,NG
313149,6,NG,6,8,NG,6,NG,6,6,6,NG,5,NG,6,6,7,3,5,6,6,NG,NG,6,6,NG,7,7,NG,5,NG,6,6,NG,6,NG,NG
312972,5,NG,6,7,NG,5,NG,5,5,NG,NG,6,NG,6,7,7,4,5,6,5,NG,NG,7,6,NG,8,NG,NG,5,NG,6,6,NG,6,NG,NG
312366,NG,NG,6,8,NG,NG,NG,7,8,7,NG,8,NG,8,7,8,6,8,9,8,NG,NG,8,NG,NG,9,7,NG,7,NG,7,8,NG,7,NG,NG
311725,NG,NG,5,7,NG,NG,NG,6,6,6,NG,5,NG,6,5,5,4,NG,8,4,NG,NG,6,NG,NG,7,5,NG,5,NG,NG,6,NG,5,NG,NG
312854,7,7,7,8,8,7,7,6,7,7,7,6,NG,7,7,7,6,6,7,7,7,7,7,7,NG,7,7,NG,6,8,6,6,NG,7,6,7
310703,NG,NG,NG,NG,NG,NG,NG,5,NG,NG,NG,NG,NG,NG,5,NG,NG,NG,6,5,NG,NG,NG,NG,NG,NG,NG,NG,5,NG,NG,5,NG,NG,NG,NG
311328,NG,NG,NG,NG,NG,NG,NG,9,NG,9,NG,NG,NG,NG,9,NG,NG,NG,10,9,NG,NG,10,NG,NG,NG,NG,NG,9,NG,NG,10,NG,NG,NG,NG
313213,5,NG,6,6,NG,5,NG,5,NG,NG,NG,5,NG,6,6,6,4,4,5,6,NG,NG,NG,5,NG,6,NG,NG,5,NG,4,4,NG,6,NG,NG
312834,6,6,6,9,6,7,6,7,7,7,7,6,NG,7,6,6,5,7,8,6,6,7,7,6,NG,8,6,NG,6,7,6,7,NG,6,NG,5
311213,NG,NG,NG,NG,NG,NG,NG,6,NG,7,NG,NG,NG,NG,7,NG,NG,NG,7,5,NG,NG,7,NG,NG,NG,NG,NG,5,NG,NG,8,NG,NG,NG,NG
313144,6,7,6,8,6,8,5,7,6,6,6,6,NG,7,7,6,4,7,8,6,5,7,7,6,NG,7,6,NG,6,8,6,6,NG,6,NG,6
312968,7,8,9,8,10,8,7,7,6,7,8,8,NG,9,8,8,8,8,8,10,8,8,6,8,NG,7,8,NG,8,8,6,7,NG,8,6,7
310244,NG,NG,NG,NG,NG,NG,NG,5,NG,NG,NG,NG,NG,NG,5,NG,NG,NG,6,7,NG,NG,NG,NG,NG,NG,NG,NG,5,NG,NG,5,NG,NG,NG,NG
312323,NG,NG,9,8,NG,NG,NG,7,7,7,NG,7,NG,9,6,6,7,8,8,9,NG,NG,5,NG,NG,6,8,NG,8,NG,4,6,NG,7,NG,NG
311618,NG,NG,7,8,NG,NG,NG,6,7,6,NG,6,NG,7,6,6,5,6,8,7,NG,NG,6,NG,NG,7,6,NG,7,NG,5,6,NG,6,NG,NG
311262,NG,NG,NG,NG,NG,NG,NG,5,NG,NG,NG,NG,NG,NG,5,NG,NG,NG,7,7,NG,NG,NG,NG,NG,NG,NG,NG,6,NG,NG,3,NG,NG,NG,NG
310228,NG,NG,NG,NG,NG,NG,NG,7,NG,7,NG,NG,NG,NG,7,NG,NG,NG,8,6,NG,NG,9,NG,NG,NG,NG,NG,7,NG,NG,8,NG,NG,NG,NG
310802,NG,NG,NG,NG,NG,NG,NG,8,NG,9,NG,NG,NG,NG,8,NG,NG,NG,9,8,NG,NG,9,NG,NG,NG,NG,NG,7,NG,NG,8,NG,NG,NG,NG
312903,6,9,8,8,9,8,7,7,6,8,7,8,NG,9,8,8,7,8,9,9,8,8,7,8,NG,8,8,NG,7,9,7,8,NG,7,7,8
311554,NG,NG,8,8,NG,NG,NG,8,8,8,NG,9,NG,9,7,7,8,9,10,9,NG,NG,9,NG,NG,8,7,NG,8,NG,8,9,NG,8,NG,NG
310409,NG,NG,NG,NG,NG,NG,NG,6,NG,6,NG,NG,NG,NG,NG,NG,NG,NG,6,5,NG,NG,NG,NG,NG,NG,NG,NG,4,NG,NG,5,NG,NG,NG,NG
312104,NG,NG,6,9,NG,NG,NG,6,7,6,NG,5,NG,6,4,5,4,NG,7,4,NG,NG,7,NG,NG,7,7,NG,6,NG,NG,7,NG,5,NG,NG
311576,NG,NG,8,9,NG,NG,NG,7,7,9,NG,8,NG,8,9,8,6,7,7,8,NG,NG,9,NG,NG,9,9,NG,7,NG,8,7,NG,9,NG,NG
310200,NG,NG,NG,NG,NG,NG,NG,7,NG,7,NG,NG,NG,NG,9,NG,NG,NG,7,7,NG,NG,8,NG,NG,NG,NG,NG,7,NG,NG,7,NG,NG,NG,NG
311143,NG,NG,NG,NG,NG,NG,NG,7,NG,5,NG,NG,NG,NG,7,NG,NG,NG,8,7,NG,NG,6,NG,NG,NG,NG,NG,6,NG,NG,6,NG,NG,NG,NG
312372,NG,NG,9,9,NG,NG,NG,8,8,8,NG,10,NG,10,9,9,8,9,10,9,NG,NG,9,NG,NG,10,9,NG,8,NG,9,10,NG,8,NG,NG
312637,NG,NG,8,9,NG,NG,NG,7,7,6,NG,7,NG,8,7,7,7,8,8,8,NG,NG,5,NG,NG,7,8,NG,8,NG,5,6,NG,7,NG,NG
312051,NG,NG,7,9,NG,NG,NG,8,7,8,NG,7,NG,7,7,8,6,7,7,7,NG,NG,8,NG,NG,8,9,NG,7,NG,7,7,NG,9,NG,NG
311311,NG,NG,NG,NG,NG,NG,NG,6,NG,7,NG,NG,NG,NG,7,NG,NG,NG,8,7,NG,NG,8,NG,NG,NG,NG,NG,6,NG,NG,8,NG,NG,NG,NG
311826,NG,NG,6,8,NG,NG,NG,7,7,9,NG,7,NG,7,7,6,5,6,7,6,NG,NG,8,NG,NG,8,8,NG,6,NG,NG,8,NG,7,NG,NG
311378,NG,NG,NG,NG,NG,NG,NG,6,NG,6,NG,NG,NG,NG,5,NG,NG,NG,7,7,NG,NG,NG,NG,NG,NG,NG,NG,6,NG,NG,5,NG,NG,NG,NG
313764,6,NG,6,6,NG,5,NG,6,NG,6,NG,5,NG,6,5,6,4,4,6,6,NG,NG,NG,5,NG,6,7,NG,4,NG,NG,5,NG,6,NG,NG
311810,NG,NG,8,9,NG,NG,NG,8,7,8,NG,8,NG,8,6,6,7,7,8,7,NG,NG,7,NG,NG,8,8,NG,7,NG,7,7,NG,7,NG,NG
311640,NG,NG,7,10,NG,NG,NG,7,7,6,NG,6,NG,7,7,8,4,7,7,6,NG,NG,7,NG,NG,9,9,NG,6,NG,NG,7,NG,7,NG,NG
313582,5,NG,7,6,NG,6,NG,6,NG,7,NG,6,NG,7,6,6,6,6,7,7,NG,6,NG,7,NG,6,6,NG,6,NG,5,5,NG,8,NG,NG
311605,NG,NG,7,9,NG,NG,NG,8,8,8,NG,6,NG,8,6,7,5,7,9,6,NG,NG,8,NG,NG,9,8,NG,7,NG,7,8,NG,6,NG,NG
311980,NG,NG,8,7,NG,NG,NG,7,6,7,NG,6,NG,7,7,7,6,7,7,6,NG,NG,6,NG,NG,7,8,NG,6,NG,5,6,NG,7,NG,NG
312584,NG,NG,9,9,NG,NG,NG,8,NG,6,NG,7,NG,8,6,7,5,8,9,7,NG,NG,7,NG,NG,7,8,NG,8,NG,6,7,NG,6,NG,NG
312518,NG,NG,7,7,NG,NG,NG,7,6,8,NG,7,NG,7,8,8,6,6,6,8,NG,NG,7,NG,NG,8,9,NG,6,NG,6,6,NG,9,NG,NG
310220,NG,NG,NG,NG,NG,NG,NG,7,NG,6,NG,NG,NG,NG,7,NG,NG,NG,6,4,NG,NG,NG,NG,NG,NG,NG,NG,6,NG,NG,5,NG,NG,NG,NG
311665,NG,NG,5,7,NG,NG,NG,5,5,NG,NG,6,NG,6,6,6,4,NG,7,5,NG,NG,6,NG,NG,7,NG,NG,6,NG,5,6,NG,5,NG,NG
311590,NG,NG,4,6,NG,NG,NG,5,5,NG,NG,5,NG,6,5,4,3,NG,6,4,NG,NG,6,NG,NG,6,NG,NG,4,NG,NG,6,NG,5,NG,NG
312087,NG,NG,7,10,NG,NG,NG,8,8,8,NG,8,NG,9,10,9,6,8,9,8,NG,NG,9,NG,NG,10,9,NG,8,NG,8,8,NG,9,NG,NG
313511,7,NG,7,7,NG,7,NG,6,NG,6,NG,6,NG,7,5,5,7,6,7,7,NG,7,NG,6,NG,6,8,NG,6,NG,NG,4,NG,6,NG,NG
312696,NG,NG,7,8,NG,NG,NG,7,7,10,NG,7,NG,6,7,6,6,6,7,6,NG,NG,8,NG,NG,8,8,NG,6,NG,7,7,NG,8,NG,NG
311087,NG,NG,NG,NG,NG,NG,NG,7,NG,6,NG,NG,NG,NG,6,NG,NG,NG,9,7,NG,NG,7,NG,NG,NG,NG,NG,7,NG,NG,7,NG,NG,NG,NG
311543,NG,NG,NG,NG,NG,NG,NG,6,NG,6,NG,NG,NG,NG,6,NG,NG,NG,7,7,NG,NG,6,NG,NG,NG,NG,NG,5,NG,NG,6,NG,NG,NG,NG
310506,NG,NG,NG,NG,NG,NG,NG,7,NG,8,NG,NG,NG,NG,7,NG,NG,NG,8,8,NG,NG,7,NG,NG,NG,NG,NG,7,NG,NG,7,NG,NG,NG,NG
313057,8,6,7,9,8,7,7,7,7,8,8,7,NG,7,7,8,5,6,6,7,6,7,7,7,NG,8,9,NG,6,8,7,6,NG,8,NG,9
313203,6,7,6,8,7,6,7,7,7,8,8,8,NG,7,8,8,6,6,8,7,6,7,8,7,NG,9,8,NG,6,7,8,8,NG,8,7,7
310452,NG,NG,NG,NG,NG,NG,NG,7,NG,7,NG,NG,NG,NG,7,NG,NG,NG,8,7,NG,NG,8,NG,NG,NG,NG,NG,7,NG,NG,7,NG,NG,NG,NG
313619,5,NG,6,6,NG,6,NG,6,NG,6,NG,5,NG,5,3,NG,4,5,6,6,NG,NG,NG,4,NG,5,6,NG,4,NG,NG,4,NG,6,NG,NG
311588,NG,NG,7,7,NG,NG,NG,7,6,8,NG,7,NG,6,8,8,5,5,6,8,NG,NG,7,NG,NG,8,8,NG,5,NG,6,6,NG,9,NG,NG
310525,NG,NG,NG,NG,NG,NG,NG,6,NG,4,NG,NG,NG,NG,5,NG,NG,NG,7,5,NG,NG,NG,NG,NG,NG,NG,NG,5,NG,NG,5,NG,NG,NG,NG
312897,5,7,7,7,7,6,6,6,6,7,6,6,NG,7,7,7,6,6,8,7,7,6,6,7,NG,7,6,NG,6,7,6,6,NG,7,6,5
313422,5,NG,5,6,NG,7,NG,5,4,NG,NG,6,NG,7,7,7,5,NG,8,6,NG,7,6,6,NG,7,NG,NG,6,NG,5,7,NG,5,NG,NG
313404,10,7,9,10,9,10,9,9,10,9,8,8,NG,9,8,9,7,8,10,8,8,10,10,9,NG,10,10,NG,9,10,8,9,NG,9,8,9
313463,7,7,7,8,8,7,7,7,6,8,8,8,NG,7,9,8,6,6,7,7,6,7,8,8,NG,9,8,NG,6,7,7,7,NG,8,7,6
310098,NG,NG,NG,NG,NG,NG,NG,7,NG,7,NG,NG,NG,NG,7,NG,NG,NG,7,7,NG,NG,NG,NG,NG,NG,NG,NG,6,NG,NG,5,NG,NG,NG,NG
310500,NG,NG,NG,NG,NG,NG,NG,7,NG,7,NG,NG,NG,NG,9,NG,NG,NG,10,7,NG,NG,9,NG,NG,NG,NG,NG,NG,NG,NG,9,NG,NG,NG,NG
310382,NG,NG,NG,NG,NG,NG,NG,8,NG,7,NG,NG,NG,NG,6,NG,NG,NG,10,6,NG,NG,8,NG,NG,NG,NG,NG,7,NG,NG,8,NG,NG,NG,NG
311824,NG,NG,8,10,NG,NG,NG,8,8,10,NG,9,NG,8,8,8,6,7,9,8,NG,NG,10,NG,NG,10,9,NG,7,NG,9,9,NG,9,NG,NG
310592,NG,NG,NG,NG,NG,NG,NG,9,NG,9,NG,NG,NG,NG,8,NG,NG,NG,10,10,NG,NG,8,NG,NG,NG,NG,NG,9,NG,NG,8,NG,NG,NG,NG
313233,6,6,7,7,8,7,6,6,6,6,6,6,NG,7,6,7,5,6,7,6,6,7,6,6,NG,7,7,NG,6,8,5,6,NG,6,NG,7
311031,NG,NG,NG,NG,NG,NG,NG,6,NG,6,NG,NG,NG,NG,8,NG,NG,NG,8,7,NG,NG,6,NG,NG,NG,NG,NG,7,NG,NG,6,NG,NG,NG,NG
313794,6,NG,6,9,NG,7,NG,7,7,8,NG,7,NG,6,7,6,4,6,7,5,NG,6,8,6,NG,9,6,NG,6,NG,7,8,NG,7,NG,NG
310125,NG,NG,NG,NG,NG,NG,NG,7,NG,8,NG,NG,NG,NG,9,NG,NG,NG,6,5,NG,NG,NG,NG,NG,NG,NG,NG,6,NG,NG,NG,NG,NG,NG,NG
313055,8,8,8,9,9,8,7,8,8,8,7,8,NG,9,9,9,6,8,10,8,7,10,9,9,NG,10,9,NG,8,10,8,8,NG,8,8,8
310169,NG,NG,NG,NG,NG,NG,NG,4,NG,NG,NG,NG,NG,NG,6,NG,NG,NG,5,5,NG,NG,NG,NG,NG,NG,NG,NG,4,NG,NG,5,NG,NG,NG,NG
310110,NG,NG,NG,NG,NG,NG,NG,6,NG,8,NG,NG,NG,NG,5,NG,NG,NG,8,7,NG,NG,7,NG,NG,NG,NG,NG,6,NG,NG,7,NG,NG,NG,NG
313171,4,NG,5,6,NG,5,NG,5,4,NG,NG,6,NG,6,7,7,4,5,6,6,NG,NG,6,6,NG,7,NG,NG,5,NG,6,6,NG,6,NG,NG
313069,6,NG,6,6,NG,5,NG,6,5,7,NG,7,NG,6,7,7,5,6,6,7,NG,NG,6,7,NG,8,7,NG,5,NG,6,6,NG,8,NG,NG
310758,NG,NG,NG,NG,NG,NG,NG,7,NG,6,NG,NG,NG,NG,6,NG,NG,NG,8,7,NG,NG,6,NG,NG,NG,NG,NG,7,NG,NG,6,NG,NG,NG,NG
311991,NG,NG,10,9,NG,NG,NG,8,8,9,NG,9,NG,9,8,7,8,8,9,9,NG,NG,7,NG,NG,8,9,NG,8,NG,8,8,NG,8,NG,NG
312629,NG,NG,6,7,NG,NG,NG,5,NG,NG,NG,5,NG,5,3,NG,5,5,6,5,NG,NG,NG,NG,NG,5,NG,NG,5,NG,NG,5,NG,6,NG,NG
312106,NG,NG,7,7,NG,NG,NG,7,NG,6,NG,6,NG,7,7,7,6,6,7,7,NG,NG,NG,NG,NG,7,8,NG,6,NG,6,5,NG,7,NG,NG
312314,NG,NG,6,7,NG,NG,NG,6,NG,6,NG,6,NG,6,7,7,4,6,6,6,NG,NG,NG,NG,NG,7,8,NG,5,NG,5,5,NG,7,NG,NG
310862,NG,NG,NG,NG,NG,NG,NG,5,NG,NG,NG,NG,NG,NG,7,NG,NG,NG,6,8,NG,NG,NG,NG,NG,NG,NG,NG,6,NG,NG,5,NG,NG,NG,NG
310912,NG,NG,NG,NG,NG,NG,NG,6,NG,7,NG,NG,NG,NG,7,NG,NG,NG,5,6,NG,NG,6,NG,NG,NG,NG,NG,5,NG,NG,6,NG,NG,NG,NG
313318,6,8,7,7,9,8,7,7,6,7,8,8,NG,8,9,9,6,8,9,8,6,8,8,9,NG,9,8,NG,7,9,7,8,NG,8,8,6
312264,NG,NG,7,8,NG,NG,NG,7,7,7,NG,7,NG,9,8,9,6,8,9,8,NG,NG,7,NG,NG,8,7,NG,7,NG,7,8,NG,7,NG,NG
313431,4,NG,5,6,NG,6,NG,5,NG,NG,NG,5,NG,6,4,5,4,NG,6,6,NG,NG,NG,5,NG,6,NG,NG,5,NG,NG,5,NG,5,NG,NG
313285,6,7,6,7,7,7,5,6,5,6,6,7,NG,7,7,8,4,7,7,6,5,7,6,7,NG,8,7,NG,6,8,6,6,NG,6,NG,6
313344,8,5,8,10,8,8,9,7,8,10,9,7,NG,6,7,6,7,6,7,7,8,7,7,6,NG,8,9,NG,7,NG,7,7,NG,8,7,7
313163,5,NG,6,6,NG,5,NG,6,4,7,NG,7,NG,6,7,7,5,5,6,7,NG,NG,6,7,NG,8,8,NG,5,NG,6,6,NG,9,NG,NG
312916,6,7,7,8,7,7,7,7,7,7,7,7,NG,7,7,6,6,7,8,7,7,7,7,6,NG,8,7,NG,7,7,7,7,NG,7,6,7
311455,NG,NG,NG,NG,NG,NG,NG,7,NG,8,NG,NG,NG,NG,6,NG,NG,NG,9,6,NG,NG,7,NG,NG,NG,NG,NG,7,NG,NG,8,NG,NG,NG,NG
310970,NG,NG,NG,NG,NG,NG,NG,7,NG,7,NG,NG,NG,NG,8,NG,NG,NG,6,7,NG,NG,NG,NG,NG,NG,NG,NG,7,NG,NG,5,NG,NG,NG,NG
311893,NG,NG,7,9,NG,NG,NG,8,8,10,NG,8,NG,8,9,9,7,7,8,8,NG,NG,10,NG,NG,10,10,NG,7,NG,9,10,NG,9,NG,NG
312836,6,NG,6,6,NG,6,NG,6,NG,5,NG,5,NG,6,5,5,4,5,6,5,NG,NG,NG,5,NG,6,6,NG,5,NG,NG,4,NG,6,NG,NG
310840,NG,NG,NG,NG,NG,NG,NG,5,NG,NG,NG,NG,NG,NG,6,NG,NG,NG,5,6,NG,NG,NG,NG,NG,NG,NG,NG,5,NG,NG,5,NG,NG,NG,NG
310469,NG,NG,NG,NG,NG,NG,NG,8,NG,6,NG,NG,NG,NG,7,NG,NG,NG,8,6,NG,NG,7,NG,NG,NG,NG,NG,7,NG,NG,7,NG,NG,NG,NG
310750,NG,NG,NG,NG,NG,NG,NG,9,NG,9,NG,NG,NG,NG,7,NG,NG,NG,8,7,NG,NG,9,NG,NG,NG,NG,NG,8,NG,NG,8,NG,NG,NG,NG
311865,NG,NG,9,9,NG,NG,NG,8,8,8,NG,8,NG,9,7,7,7,8,10,8,NG,NG,8,NG,NG,8,7,NG,8,NG,8,9,NG,7,NG,NG
313661,6,6,7,7,8,6,7,7,6,8,8,7,NG,7,7,7,6,6,6,8,6,7,6,6,NG,7,8,NG,6,6,6,6,NG,8,6,7
311379,NG,NG,NG,NG,NG,NG,NG,9,NG,9,NG,NG,NG,NG,9,NG,NG,NG,10,9,NG,NG,9,NG,NG,NG,NG,NG,8,NG,NG,10,NG,NG,NG,NG
312793,5,NG,6,6,NG,4,NG,5,5,NG,NG,6,NG,5,7,7,5,4,5,6,NG,NG,6,6,NG,7,NG,NG,5,NG,6,6,NG,7,NG,NG
310547,NG,NG,NG,NG,NG,NG,NG,7,NG,9,NG,NG,NG,NG,6,NG,NG,NG,8,7,NG,NG,8,NG,NG,NG,NG,NG,6,NG,NG,7,NG,NG,NG,NG
310798,NG,NG,NG,NG,NG,NG,NG,6,NG,5,NG,NG,NG,NG,NG,NG,NG,NG,6,8,NG,NG,NG,NG,NG,NG,NG,NG,6,NG,NG,4,NG,NG,NG,NG
312918,7,7,7,8,8,8,5,7,7,6,5,7,NG,8,6,7,6,8,9,6,6,8,6,7,NG,7,6,NG,7,9,6,7,NG,6,5,7
312733,7,6,6,9,8,8,5,7,7,6,6,6,NG,7,6,6,4,6,8,6,6,8,6,6,NG,7,7,NG,6,9,5,6,NG,6,NG,7
311528,NG,NG,NG,NG,NG,NG,NG,7,NG,7,NG,NG,NG,NG,5,NG,NG,NG,10,7,NG,NG,7,NG,NG,NG,NG,NG,7,NG,NG,7,NG,NG,NG,NG
310131,NG,NG,NG,NG,NG,NG,NG,7,NG,8,NG,NG,NG,NG,7,NG,NG,NG,7,7,NG,NG,7,NG,NG,NG,NG,NG,8,NG,NG,6,NG,NG,NG,NG
313772,7,9,7,8,8,9,6,7,7,7,6,9,NG,9,8,8,7,9,10,8,7,9,7,9,NG,8,7,NG,8,10,8,8,NG,7,7,7
313648,6,7,8,8,8,8,7,8,7,7,7,8,NG,8,7,7,7,8,9,7,8,9,7,7,NG,7,7,NG,7,8,6,7,NG,7,7,6
313194,8,6,8,9,9,9,7,7,7,7,8,6,NG,8,6,7,6,6,8,8,8,9,6,7,NG,7,8,NG,8,8,6,7,NG,8,6,7
312788,7,6,7,8,8,8,6,6,6,7,7,7,NG,8,7,7,6,7,8,7,6,8,6,7,NG,7,7,NG,7,7,6,6,NG,6,6,6
313460,6,NG,7,7,NG,8,NG,7,6,5,NG,6,NG,8,6,6,6,NG,9,7,NG,8,6,6,NG,6,6,NG,6,NG,5,6,NG,5,NG,NG
311308,NG,NG,NG,NG,NG,NG,NG,9,NG,8,NG,NG,NG,NG,8,NG,NG,NG,10,9,NG,NG,8,NG,NG,NG,NG,NG,9,NG,NG,8,NG,NG,NG,NG
311079,NG,NG,NG,NG,NG,NG,NG,8,NG,9,NG,NG,NG,NG,10,NG,NG,NG,10,8,NG,NG,10,NG,NG,NG,NG,NG,8,NG,NG,10,NG,NG,NG,NG
310945,NG,NG,NG,NG,NG,NG,NG,7,NG,8,NG,NG,NG,NG,8,NG,NG,NG,7,6,NG,NG,8,NG,NG,NG,NG,NG,6,NG,NG,8,NG,NG,NG,NG
311903,NG,NG,5,6,NG,NG,NG,5,5,NG,NG,5,NG,5,6,5,3,5,6,4,NG,NG,6,NG,NG,7,NG,NG,5,NG,6,6,NG,6,NG,NG
312635,NG,NG,7,8,NG,NG,NG,6,7,6,NG,6,NG,7,6,6,5,6,8,6,NG,NG,6,NG,NG,7,7,NG,6,NG,6,6,NG,6,NG,NG
313094,7,8,7,9,8,9,7,7,8,8,8,8,NG,9,8,8,6,8,10,7,7,8,9,8,NG,9,8,NG,7,9,8,9,NG,8,7,6
313101,8,8,7,9,8,9,7,8,8,7,8,8,NG,8,9,8,6,8,9,7,7,9,8,8,NG,9,7,NG,8,8,8,9,NG,7,8,7
312860,8,9,9,10,9,10,9,9,8,9,9,9,NG,9,9,9,8,9,10,9,9,9,9,9,NG,9,8,NG,9,9,8,9,NG,9,8,8
313636,6,8,8,7,9,7,7,7,6,7,7,8,NG,8,7,7,7,7,8,9,8,7,6,8,NG,6,8,NG,7,8,6,7,NG,8,6,6
312014,NG,NG,9,10,NG,NG,NG,8,8,10,NG,10,NG,8,9,8,8,8,9,10,NG,NG,9,NG,NG,10,10,NG,8,NG,9,10,NG,10,NG,NG
313036,7,9,6,8,8,8,6,7,7,7,7,8,NG,9,8,9,7,8,10,7,7,8,8,8,NG,9,8,NG,7,10,8,9,NG,8,7,7
313426,5,NG,6,6,NG,5,NG,5,NG,NG,NG,6,NG,6,7,6,5,5,6,6,NG,NG,NG,6,NG,7,NG,NG,5,NG,5,5,NG,8,NG,NG
312147,NG,NG,7,9,NG,NG,NG,7,9,7,NG,7,NG,7,7,8,5,8,9,6,NG,NG,9,NG,NG,10,8,NG,7,NG,7,8,NG,6,NG,NG
310391,NG,NG,NG,NG,NG,NG,NG,8,NG,8,NG,NG,NG,NG,8,NG,NG,NG,8,9,NG,NG,7,NG,NG,NG,NG,NG,NG,NG,NG,7,NG,NG,NG,NG
311494,NG,NG,NG,NG,NG,NG,NG,8,NG,7,NG,NG,NG,NG,6,NG,NG,NG,8,6,NG,NG,7,NG,NG,NG,NG,NG,7,NG,NG,7,NG,NG,NG,NG
310997,NG,NG,NG,NG,NG,NG,NG,7,NG,9,NG,NG,NG,NG,6,NG,NG,NG,9,8,NG,NG,8,NG,NG,NG,NG,NG,7,NG,NG,8,NG,NG,NG,NG
312978,6,7,6,7,6,7,5,6,6,6,6,6,NG,7,6,7,4,7,8,6,5,7,7,6,NG,8,6,NG,6,8,6,7,NG,6,NG,5
312235,NG,NG,7,8,NG,NG,NG,7,6,8,NG,7,NG,7,6,6,6,5,7,7,NG,NG,6,NG,NG,7,8,NG,6,NG,5,6,NG,8,NG,NG
312514,NG,NG,7,9,NG,NG,NG,7,7,6,NG,6,NG,7,7,8,5,7,8,6,NG,NG,7,NG,NG,8,7,NG,7,NG,7,7,NG,6,NG,NG
310818,NG,NG,NG,NG,NG,NG,NG,8,NG,8,NG,NG,NG,NG,8,NG,NG,NG,8,7,NG,NG,7,NG,NG,NG,NG,NG,7,NG,NG,7,NG,NG,NG,NG
313788,9,7,8,10,8,9,7,8,10,8,7,6,NG,8,8,8,5,8,9,6,6,9,9,7,NG,10,9,NG,7,10,7,8,NG,7,NG,9
310347,NG,NG,NG,NG,NG,NG,NG,5,NG,NG,NG,NG,NG,NG,5,NG,NG,NG,6,5,NG,NG,NG,NG,NG,NG,NG,NG,5,NG,NG,4,NG,NG,NG,NG
312951,8,10,9,9,10,10,8,8,8,9,8,9,NG,9,8,9,8,9,10,10,9,10,8,9,NG,9,9,NG,9,10,7,8,NG,9,8,9
312667,NG,NG,7,8,NG,NG,NG,7,6,5,NG,6,NG,8,7,8,4,7,8,7,NG,NG,6,NG,NG,7,7,NG,7,NG,6,6,NG,6,NG,NG
313523,6,7,7,7,9,8,5,6,6,6,5,7,NG,8,7,7,6,7,8,7,6,9,6,7,NG,6,7,NG,6,9,5,6,NG,6,6,7
312016,NG,NG,8,9,NG,NG,NG,8,7,6,NG,7,NG,9,7,6,6,9,10,7,NG,NG,7,NG,NG,8,6,NG,8,NG,6,8,NG,6,NG,NG
310251,NG,NG,NG,NG,NG,NG,NG,9,NG,10,NG,NG,NG,NG,10,NG,NG,NG,9,8,NG,NG,10,NG,NG,NG,NG,NG,8,NG,NG,10,NG,NG,NG,NG
311458,NG,NG,NG,NG,NG,NG,NG,7,NG,8,NG,NG,NG,NG,6,NG,NG,NG,8,8,NG,NG,7,NG,NG,NG,NG,NG,6,NG,NG,8,NG,NG,NG,NG
311574,NG,NG,8,9,NG,NG,NG,7,7,6,NG,7,NG,9,7,8,6,8,9,8,NG,NG,6,NG,NG,7,7,NG,8,NG,6,7,NG,6,NG,NG
312018,NG,NG,6,9,NG,NG,NG,7,7,6,NG,6,NG,8,8,8,4,7,8,6,NG,NG,8,NG,NG,9,8,NG,7,NG,6,7,NG,7,NG,NG
312867,7,7,9,8,10,8,8,8,7,8,NG,8,NG,8,7,7,7,8,8,9,8,9,6,8,NG,7,9,NG,7,8,6,6,NG,8,6,8
313774,7,7,8,9,7,8,8,8,8,8,8,7,NG,7,6,7,6,7,8,8,8,8,7,6,NG,7,8,NG,7,8,6,6,NG,7,6,7
310258,NG,NG,NG,NG,NG,NG,NG,8,NG,7,NG,NG,NG,NG,8,NG,NG,NG,7,6,NG,NG,7,NG,NG,NG,NG,NG,7,NG,NG,6,NG,NG,NG,NG
310940,NG,NG,NG,NG,NG,NG,NG,5,NG,NG,NG,NG,NG,NG,5,NG,NG,NG,7,5,NG,NG,NG,NG,NG,NG,NG,NG,6,NG,NG,4,NG,NG,NG,NG
313200,8,NG,8,8,NG,8,NG,8,NG,6,NG,7,NG,8,7,7,7,7,8,9,NG,9,NG,7,NG,7,9,NG,7,NG,5,5,NG,8,NG,NG
311707,NG,NG,4,4,NG,NG,NG,4,NG,NG,NG,NG,NG,5,6,NG,3,NG,6,5,NG,NG,NG,NG,NG,5,NG,NG,5,NG,5,5,NG,5,NG,NG
311445,NG,NG,NG,NG,NG,NG,NG,6,NG,7,NG,NG,NG,NG,7,NG,NG,NG,7,8,NG,NG,7,NG,NG,NG,NG,NG,6,NG,NG,6,NG,NG,NG,NG
311037,NG,NG,NG,NG,NG,NG,NG,8,NG,9,NG,NG,NG,NG,8,NG,NG,NG,9,10,NG,NG,7,NG,NG,NG,NG,NG,9,NG,NG,7,NG,NG,NG,NG
312382,NG,NG,6,8,NG,NG,NG,6,6,8,NG,7,NG,6,8,7,5,6,7,6,NG,NG,8,NG,NG,9,8,NG,6,NG,8,7,NG,9,NG,NG
312371,NG,NG,6,9,NG,NG,NG,7,7,6,NG,6,NG,7,6,6,4,6,7,6,NG,NG,7,NG,NG,8,8,NG,7,NG,6,7,NG,6,NG,NG
312717,NG,NG,7,10,NG,NG,NG,7,8,8,NG,7,NG,7,7,NG,5,7,9,6,NG,NG,9,NG,NG,9,8,NG,7,NG,8,9,NG,7,NG,NG
310314,NG,NG,NG,NG,NG,NG,NG,6,NG,6,NG,NG,NG,NG,7,NG,NG,NG,9,8,NG,NG,7,NG,NG,NG,NG,NG,7,NG,NG,7,NG,NG,NG,NG
311350,NG,NG,NG,NG,NG,NG,NG,6,NG,5,NG,NG,NG,NG,7,NG,NG,NG,7,6,NG,NG,6,NG,NG,NG,NG,NG,6,NG,NG,6,NG,NG,NG,NG
311610,NG,NG,8,9,NG,NG,NG,8,8,10,NG,8,NG,8,8,7,6,7,8,7,NG,NG,9,NG,NG,9,9,NG,7,NG,8,8,NG,9,NG,NG
311517,NG,NG,NG,NG,NG,NG,NG,5,NG,NG,NG,NG,NG,NG,7,NG,NG,NG,5,4,NG,NG,NG,NG,NG,NG,NG,NG,4,NG,NG,5,NG,NG,NG,NG
313038,7,8,8,8,9,7,8,7,6,8,9,8,NG,8,9,8,7,7,8,9,7,7,7,8,NG,8,8,NG,7,8,7,7,NG,9,7,7
311663,NG,NG,7,8,NG,NG,NG,7,6,7,NG,7,NG,8,8,7,6,6,6,7,NG,NG,6,NG,NG,8,9,NG,7,NG,6,6,NG,8,NG,NG
311889,NG,NG,8,10,NG,NG,NG,9,8,9,NG,8,NG,8,10,10,6,8,9,8,NG,NG,10,NG,NG,10,10,NG,8,NG,9,9,NG,10,NG,NG
313445,6,8,6,9,6,8,8,6,8,9,8,8,NG,7,7,7,6,7,9,7,7,7,9,8,NG,10,6,NG,7,7,8,9,NG,7,8,6
311705,NG,NG,9,10,NG,NG,NG,8,8,7,NG,8,NG,9,8,9,7,8,9,8,NG,NG,6,NG,NG,9,9,NG,8,NG,6,7,NG,8,NG,NG
311463,NG,NG,NG,NG,NG,NG,NG,6,NG,5,NG,NG,NG,NG,5,NG,NG,NG,7,6,NG,NG,5,NG,NG,NG,NG,NG,6,NG,NG,6,NG,NG,NG,NG
310718,NG,NG,NG,NG,NG,NG,NG,9,NG,9,NG,NG,NG,NG,7,NG,NG,NG,10,9,NG,NG,8,NG,NG,NG,NG,NG,8,NG,NG,8,NG,NG,NG,NG
311202,NG,NG,NG,NG,NG,NG,NG,7,NG,9,NG,NG,NG,NG,8,NG,NG,NG,8,8,NG,NG,8,NG,NG,NG,NG,NG,7,NG,NG,7,NG,NG,NG,NG
311539,NG,NG,NG,NG,NG,NG,NG,7,NG,7,NG,NG,NG,NG,6,NG,NG,NG,7,8,NG,NG,NG,NG,NG,NG,NG,NG,7,NG,NG,5,NG,NG,NG,NG
313072,7,7,7,10,7,9,8,8,8,8,8,8,NG,8,8,8,6,8,8,8,7,8,9,8,NG,10,8,NG,7,8,8,8,NG,8,7,7
312375,NG,NG,6,9,NG,NG,NG,7,7,7,NG,6,NG,7,6,6,4,5,7,5,NG,NG,7,NG,NG,8,7,NG,6,NG,6,6,NG,6,NG,NG
311185,NG,NG,NG,NG,NG,NG,NG,8,NG,7,NG,NG,NG,NG,7,NG,NG,NG,10,8,NG,NG,8,NG,NG,NG,NG,NG,8,NG,NG,8,NG,NG,NG,NG
310332,NG,NG,NG,NG,NG,NG,NG,6,NG,6,NG,NG,NG,NG,5,NG,NG,NG,6,6,NG,NG,NG,NG,NG,NG,NG,NG,5,NG,NG,5,NG,NG,NG,NG
313118,6,6,7,6,8,5,7,6,5,8,8,8,NG,6,8,7,6,6,7,8,6,6,7,7,NG,8,8,NG,6,6,6,7,NG,9,6,6
310515,NG,NG,NG,NG,NG,NG,NG,6,NG,9,NG,NG,NG,NG,7,NG,NG,NG,5,7,NG,NG,6,NG,NG,NG,NG,NG,5,NG,NG,7,NG,NG,NG,NG
311985,NG,NG,7,9,NG,NG,NG,8,7,8,NG,8,NG,8,9,9,7,8,9,8,NG,NG,8,NG,NG,10,9,NG,8,NG,8,8,NG,9,NG,NG
312567,NG,NG,7,7,NG,NG,NG,6,6,9,NG,8,NG,6,7,7,6,6,6,7,NG,NG,6,NG,NG,8,8,NG,6,NG,6,7,NG,8,NG,NG
312511,NG,NG,7,9,NG,NG,NG,7,7,7,NG,7,NG,7,7,8,5,6,7,7,NG,NG,7,NG,NG,9,9,NG,6,NG,5,6,NG,8,NG,NG
311897,NG,NG,6,9,NG,NG,NG,7,7,9,NG,7,NG,7,8,7,5,7,9,6,NG,NG,10,NG,NG,9,6,NG,6,NG,8,9,NG,7,NG,NG
311464,NG,NG,NG,NG,NG,NG,NG,6,NG,6,NG,NG,NG,NG,5,NG,NG,NG,8,5,NG,NG,6,NG,NG,NG,NG,NG,5,NG,NG,6,NG,NG,NG,NG
313198,6,NG,5,8,NG,6,NG,6,6,6,NG,5,NG,5,6,6,3,NG,7,4,NG,NG,8,5,NG,8,6,NG,4,NG,6,7,NG,5,NG,NG
313623,6,NG,6,8,NG,8,NG,6,7,6,NG,5,NG,6,4,4,4,NG,8,5,NG,7,6,4,NG,6,6,NG,6,NG,NG,6,NG,4,NG,NG
310418,NG,NG,NG,NG,NG,NG,NG,8,NG,8,NG,NG,NG,NG,9,NG,NG,NG,10,7,NG,NG,10,NG,NG,NG,NG,NG,8,NG,NG,10,NG,NG,NG,NG
311238,NG,NG,NG,NG,NG,NG,NG,7,NG,8,NG,NG,NG,NG,7,NG,NG,NG,8,7,NG,NG,7,NG,NG,NG,NG,NG,6,NG,NG,6,NG,NG,NG,NG
312887,4,NG,6,6,NG,7,NG,5,5,NG,NG,6,NG,7,7,7,4,6,7,6,NG,7,6,6,NG,7,NG,NG,6,NG,6,7,NG,6,NG,NG
310044,NG,NG,NG,NG,NG,NG,NG,5,NG,NG,NG,NG,NG,NG,6,NG,NG,NG,7,7,NG,NG,6,NG,NG,NG,NG,NG,5,NG,NG,6,NG,NG,NG,NG
310655,NG,NG,NG,NG,NG,NG,NG,7,NG,8,NG,NG,NG,NG,8,NG,NG,NG,8,7,NG,NG,9,NG,NG,NG,NG,NG,6,NG,NG,8,NG,NG,NG,NG
313064,9,10,9,10,8,10,8,9,10,9,9,9,NG,10,8,8,7,10,10,8,9,10,10,8,NG,10,8,NG,9,10,9,10,NG,8,9,8
312723,6,8,8,8,8,8,8,7,6,8,8,8,NG,8,6,6,8,8,9,9,8,8,6,8,NG,7,7,NG,8,7,6,7,NG,8,7,6
310953,NG,NG,NG,NG,NG,NG,NG,NG,NG,NG,NG,NG,NG,NG,7,NG,NG,NG,7,7,NG,NG,8,NG,NG,NG,NG,NG,6,NG,NG,7,NG,NG,NG,NG
310122,NG,NG,NG,NG,NG,NG,NG,8,NG,7,NG,NG,NG,NG,6,NG,NG,NG,7,7,NG,NG,7,NG,NG,NG,NG,NG,6,NG,NG,6,NG,NG,NG,NG
310569,NG,NG,NG,NG,NG,NG,NG,6,NG,8,NG,NG,NG,NG,6,NG,NG,NG,7,6,NG,NG,8,NG,NG,NG,NG,NG,5,NG,NG,8,NG,NG,NG,NG
313091,7,7,7,8,8,6,6,6,6,8,8,7,NG,7,9,9,6,6,7,6,5,6,8,7,NG,10,9,NG,6,8,8,7,NG,9,8,7
310223,NG,NG,NG,NG,NG,NG,NG,7,NG,7,NG,NG,NG,NG,6,NG,NG,NG,9,8,NG,NG,NG,NG,NG,NG,NG,NG,7,NG,NG,NG,NG,NG,NG,NG
310561,NG,NG,NG,NG,NG,NG,NG,7,NG,9,NG,NG,NG,NG,8,NG,NG,NG,7,8,NG,NG,8,NG,NG,NG,NG,NG,7,NG,NG,8,NG,NG,NG,NG
313265,6,6,6,8,6,8,6,7,7,6,6,6,NG,7,6,6,5,6,8,6,6,7,7,6,NG,7,7,NG,6,7,6,7,NG,6,NG,5
312327,NG,NG,7,8,NG,NG,NG,6,7,6,NG,7,NG,8,7,8,6,7,8,8,NG,NG,6,NG,NG,7,7,NG,7,NG,6,6,NG,6,NG,NG
311498,NG,NG,NG,NG,NG,NG,NG,7,NG,8,NG,NG,NG,NG,7,NG,NG,NG,8,8,NG,NG,5,NG,NG,NG,NG,NG,7,NG,NG,7,NG,NG,NG,NG
312026,NG,NG,8,7,NG,NG,NG,6,5,8,NG,7,NG,7,7,7,7,6,8,9,NG,NG,5,NG,NG,6,7,NG,6,NG,6,6,NG,8,NG,NG
311782,NG,NG,5,7,NG,NG,NG,6,5,6,NG,7,NG,6,8,8,4,6,7,6,NG,NG,7,NG,NG,8,7,NG,6,NG,6,7,NG,7,NG,NG
313561,8,9,8,9,9,9,7,8,8,7,7,8,NG,9,7,7,7,8,10,8,8,9,8,8,NG,8,7,NG,8,8,7,8,NG,7,7,6
313747,7,7,8,9,9,8,7,8,6,6,7,8,NG,8,6,7,7,8,9,9,8,9,6,7,NG,7,8,NG,8,9,6,6,NG,7,6,7
310087,NG,NG,NG,NG,NG,NG,NG,8,NG,7,NG,NG,NG,NG,6,NG,NG,NG,10,8,NG,NG,7,NG,NG,NG,NG,NG,8,NG,NG,7,NG,NG,NG,NG
312547,NG,NG,8,9,NG,NG,NG,8,7,7,NG,8,NG,9,7,8,7,9,10,7,NG,NG,8,NG,NG,9,8,NG,7,NG,7,8,NG,7,NG,NG
311086,NG,NG,NG,NG,NG,NG,NG,9,NG,8,NG,NG,NG,NG,9,NG,NG,NG,10,8,NG,NG,9,NG,NG,NG,NG,NG,9,NG,NG,8,NG,NG,NG,NG
310696,NG,NG,NG,NG,NG,NG,NG,7,NG,8,NG,NG,NG,NG,6,NG,NG,NG,8,8,NG,NG,7,NG,NG,NG,NG,NG,7,NG,NG,8,NG,NG,NG,NG
311341,NG,NG,NG,NG,NG,NG,NG,5,NG,NG,NG,NG,NG,NG,6,NG,NG,NG,8,7,NG,NG,6,NG,NG,NG,NG,NG,5,NG,NG,6,NG,NG,NG,NG
310362,NG,NG,NG,NG,NG,NG,NG,9,NG,9,NG,NG,NG,NG,8,NG,NG,NG,8,8,NG,NG,9,NG,NG,NG,NG,NG,8,NG,NG,8,NG,NG,NG,NG
310517,NG,NG,NG,NG,NG,NG,NG,6,NG,5,NG,NG,NG,NG,7,NG,NG,NG,6,5,NG,NG,NG,NG,NG,NG,NG,NG,5,NG,NG,5,NG,NG,NG,NG
310633,NG,NG,NG,NG,NG,NG,NG,6,NG,7,NG,NG,NG,NG,5,NG,NG,NG,8,5,NG,NG,7,NG,NG,NG,NG,NG,6,NG,NG,8,NG,NG,NG,NG
311289,NG,NG,NG,NG,NG,NG,NG,7,NG,6,NG,NG,NG,NG,6,NG,NG,NG,8,5,NG,NG,7,NG,NG,NG,NG,NG,6,NG,NG,7,NG,NG,NG,NG
313088,8,8,8,10,9,10,7,8,8,7,7,7,NG,9,7,8,6,8,9,8,8,9,8,8,NG,8,8,NG,8,10,7,8,NG,7,7,8
310838,NG,NG,NG,NG,NG,NG,NG,9,NG,8,NG,NG,NG,NG,7,NG,NG,NG,10,7,NG,NG,9,NG,NG,NG,NG,NG,8,NG,NG,8,NG,NG,NG,NG
311395,NG,NG,NG,NG,NG,NG,NG,6,NG,6,NG,NG,NG,NG,7,NG,NG,NG,7,7,NG,NG,6,NG,NG,NG,NG,NG,5,NG,NG,6,NG,NG,NG,NG
310532,NG,NG,NG,NG,NG,NG,NG,7,NG,7,NG,NG,NG,NG,9,NG,NG,NG,7,7,NG,NG,8,NG,NG,NG,NG,NG,6,NG,NG,7,NG,NG,NG,NG
311719,NG,NG,7,9,NG,NG,NG,7,7,8,NG,7,NG,8,7,8,5,7,9,7,NG,NG,7,NG,NG,9,8,NG,7,NG,7,7,NG,7,NG,NG
310310,NG,NG,NG,NG,NG,NG,NG,7,NG,8,NG,NG,NG,NG,6,NG,NG,NG,9,7,NG,NG,7,NG,NG,NG,NG,NG,6,NG,NG,7,NG,NG,NG,NG
310414,NG,NG,NG,NG,NG,NG,NG,5,NG,NG,NG,NG,NG,NG,4,NG,NG,NG,5,5,NG,NG,NG,NG,NG,NG,NG,NG,5,NG,NG,3,NG,NG,NG,NG
313372,5,7,6,6,7,6,5,6,4,6,5,6,NG,7,8,7,5,6,7,7,5,7,6,7,NG,7,7,NG,6,8,6,6,NG,6,NG,6
311165,NG,NG,NG,NG,NG,NG,NG,6,NG,4,NG,NG,NG,NG,7,NG,NG,NG,8,6,NG,NG,NG,NG,NG,NG,NG,NG,6,NG,NG,4,NG,NG,NG,NG
312199,NG,NG,8,8,NG,NG,NG,7,7,7,NG,7,NG,8,7,7,7,6,7,8,NG,NG,6,NG,NG,7,9,NG,7,NG,6,6,NG,8,NG,NG
312771,4,NG,6,6,NG,5,NG,5,4,NG,NG,6,NG,5,4,4,5,4,7,7,NG,NG,6,6,NG,6,NG,NG,5,NG,NG,6,NG,7,NG,NG
310451,NG,NG,NG,NG,NG,NG,NG,8,NG,9,NG,NG,NG,NG,8,NG,NG,NG,9,7,NG,NG,9,NG,NG,NG,NG,NG,8,NG,NG,8,NG,NG,NG,NG
313638,6,NG,7,6,NG,6,NG,6,5,7,NG,6,NG,6,6,6,6,6,7,7,NG,7,5,6,NG,6,8,NG,6,NG,4,6,NG,7,NG,NG
311535,NG,NG,NG,NG,NG,NG,NG,8,NG,6,NG,NG,NG,NG,6,NG,NG,NG,10,7,NG,NG,7,NG,NG,NG,NG,NG,8,NG,NG,7,NG,NG,NG,NG
313394,7,7,6,8,7,7,6,7,6,6,7,7,NG,8,7,8,5,7,7,6,6,8,7,7,NG,8,7,NG,6,8,6,6,NG,6,NG,7
313222,4,NG,5,7,NG,4,NG,5,NG,NG,NG,5,NG,5,5,5,3,4,5,4,NG,NG,NG,4,NG,7,NG,NG,4,NG,NG,5,NG,6,NG,NG
311280,NG,NG,NG,NG,NG,NG,NG,9,NG,10,NG,NG,NG,NG,8,NG,NG,NG,10,9,NG,NG,9,NG,NG,NG,NG,NG,8,NG,NG,8,NG,NG,NG,NG
311068,NG,NG,NG,NG,NG,NG,NG,6,NG,8,NG,NG,NG,NG,7,NG,NG,NG,8,6,NG,NG,9,NG,NG,NG,NG,NG,6,NG,NG,8,NG,NG,NG,NG
310704,NG,NG,NG,NG,NG,NG,NG,5,NG,NG,NG,NG,NG,NG,4,NG,NG,NG,7,5,NG,NG,NG,NG,NG,NG,NG,NG,5,NG,NG,5,NG,NG,NG,NG
310645,NG,NG,NG,NG,NG,NG,NG,8,NG,7,NG,NG,NG,NG,9,NG,NG,NG,8,8,NG,NG,7,NG,NG,NG,NG,NG,7,NG,NG,6,NG,NG,NG,NG
313279,9,8,10,10,9,10,10,9,9,9,9,9,NG,9,8,7,8,9,10,9,9,9,8,8,NG,9,10,NG,9,10,8,8,NG,8,8,8
310575,NG,NG,NG,NG,NG,NG,NG,7,NG,10,NG,NG,NG,NG,9,NG,NG,NG,10,8,NG,NG,10,NG,NG,NG,NG,NG,7,NG,NG,10,NG,NG,NG,NG
313482,6,NG,5,7,NG,6,NG,6,6,6,NG,5,NG,6,7,7,4,5,6,5,NG,NG,7,6,NG,8,7,NG,5,NG,6,6,NG,6,NG,NG
313258,5,NG,6,7,NG,7,NG,6,5,5,NG,6,NG,6,6,6,4,NG,7,6,NG,7,6,6,NG,7,6,NG,6,NG,6,6,NG,5,NG,NG
310779,NG,NG,NG,NG,NG,NG,NG,9,NG,10,NG,NG,NG,NG,10,NG,NG,NG,9,9,NG,NG,10,NG,NG,NG,NG,NG,8,NG,NG,10,NG,NG,NG,NG
312257,NG,NG,6,9,NG,NG,NG,8,8,8,NG,7,NG,8,8,7,5,7,8,6,NG,NG,8,NG,NG,9,8,NG,7,NG,8,8,NG,7,NG,NG
311484,NG,NG,NG,NG,NG,NG,NG,7,NG,6,NG,NG,NG,NG,6,NG,NG,NG,8,8,NG,NG,NG,NG,NG,NG,NG,NG,7,NG,NG,5,NG,NG,NG,NG
310376,NG,NG,NG,NG,NG,NG,NG,7,NG,5,NG,NG,NG,NG,7,NG,NG,NG,7,8,NG,NG,NG,NG,NG,NG,NG,NG,7,NG,NG,5,NG,NG,NG,NG
311070,NG,NG,NG,NG,NG,NG,NG,6,NG,8,NG,NG,NG,NG,7,NG,NG,NG,6,8,NG,NG,7,NG,NG,NG,NG,NG,6,NG,NG,7,NG,NG,NG,NG
313025,9,8,9,10,8,10,8,9,9,9,9,8,NG,9,8,9,7,8,10,8,8,10,9,9,NG,10,9,NG,8,10,9,9,NG,8,8,9
313604,5,NG,6,6,NG,6,NG,4,NG,NG,NG,5,NG,6,6,6,4,6,7,6,NG,7,NG,6,NG,6,NG,NG,6,NG,4,4,NG,6,NG,NG
311123,NG,NG,NG,NG,NG,NG,NG,8,NG,8,NG,NG,NG,NG,7,NG,NG,NG,10,7,NG,NG,8,NG,NG,NG,NG,NG,7,NG,NG,7,NG,NG,NG,NG
310817,NG,NG,NG,NG,NG,NG,NG,5,NG,NG,NG,NG,NG,NG,6,NG,NG,NG,7,8,NG,NG,NG,NG,NG,NG,NG,NG,5,NG,NG,5,NG,NG,NG,NG
311472,NG,NG,NG,NG,NG,NG,NG,9,NG,8,NG,NG,NG,NG,7,NG,NG,NG,10,9,NG,NG,9,NG,NG,NG,NG,NG,9,NG,NG,8,NG,NG,NG,NG
311108,NG,NG,NG,NG,NG,NG,NG,8,NG,6,NG,NG,NG,NG,8,NG,NG,NG,9,7,NG,NG,7,NG,NG,NG,NG,NG,8,NG,NG,7,NG,NG,NG,NG
312942,8,9,9,10,10,10,7,8,8,8,8,9,NG,10,9,10,6,9,9,9,8,10,8,9,NG,9,8,NG,8,10,8,8,NG,8,7,9
310476,NG,NG,NG,NG,NG,NG,NG,6,NG,7,NG,NG,NG,NG,8,NG,NG,NG,7,7,NG,NG,6,NG,NG,NG,NG,NG,6,NG,NG,7,NG,NG,NG,NG
312530,NG,NG,9,10,NG,NG,NG,8,8,7,NG,8,NG,9,8,8,6,9,10,8,NG,NG,8,NG,NG,9,9,NG,8,NG,7,7,NG,8,NG,NG
312088,NG,NG,7,6,NG,NG,NG,6,6,7,NG,8,NG,7,7,7,7,7,8,8,NG,NG,6,NG,NG,7,7,NG,7,NG,6,7,NG,7,NG,NG
312820,6,NG,7,8,NG,7,NG,6,NG,6,NG,6,NG,6,7,7,5,6,6,6,NG,7,NG,6,NG,6,7,NG,6,NG,4,5,NG,6,NG,NG
312185,NG,NG,9,9,NG,NG,NG,9,7,9,NG,8,NG,8,6,6,8,7,10,9,NG,NG,7,NG,NG,7,7,NG,8,NG,7,8,NG,8,NG,NG
310664,NG,NG,NG,NG,NG,NG,NG,8,NG,7,NG,NG,NG,NG,7,NG,NG,NG,8,7,NG,NG,7,NG,NG,NG,NG,NG,7,NG,NG,7,NG,NG,NG,NG
313709,8,8,8,9,8,9,6,8,7,6,5,7,NG,8,6,7,6,8,9,7,7,9,7,7,NG,7,7,NG,7,10,6,7,NG,6,6,8
313043,6,8,6,7,8,8,5,6,6,6,5,6,NG,7,6,6,6,8,9,7,6,8,6,6,NG,6,6,NG,6,8,5,6,NG,6,5,6
313784,5,NG,5,7,NG,7,NG,6,6,7,NG,7,NG,6,7,6,4,6,7,5,NG,5,8,6,NG,8,6,NG,6,NG,7,8,NG,6,NG,NG
313045,6,8,8,7,9,8,8,7,6,8,7,7,NG,8,8,8,7,7,9,8,7,8,7,9,NG,9,8,NG,7,8,7,8,NG,8,8,7
312089,NG,NG,5,8,NG,NG,NG,6,6,6,NG,6,NG,6,6,5,4,NG,7,5,NG,NG,6,NG,NG,7,6,NG,6,NG,5,6,NG,5,NG,NG
311585,NG,NG,10,10,NG,NG,NG,9,9,8,NG,8,NG,9,7,7,8,9,10,9,NG,NG,7,NG,NG,8,8,NG,9,NG,7,8,NG,8,NG,NG
311551,NG,NG,7,8,NG,NG,NG,7,NG,7,NG,5,NG,6,5,5,5,5,7,6,NG,NG,NG,NG,NG,6,7,NG,6,NG,NG,5,NG,6,NG,NG
312737,7,NG,7,7,NG,7,NG,6,NG,5,NG,6,NG,7,6,6,6,6,8,7,NG,8,NG,7,NG,6,7,NG,7,NG,4,4,NG,6,NG,NG
310555,NG,NG,NG,NG,NG,NG,NG,5,NG,NG,NG,NG,NG,NG,7,NG,NG,NG,5,4,NG,NG,NG,NG,NG,NG,NG,NG,5,NG,NG,5,NG,NG,NG,NG
312796,4,NG,5,5,NG,6,NG,4,4,NG,NG,NG,NG,6,5,NG,4,NG,7,6,NG,NG,5,5,NG,5,NG,NG,5,NG,NG,6,NG,5,NG,NG
310550,NG,NG,NG,NG,NG,NG,NG,7,NG,6,NG,NG,NG,NG,7,NG,NG,NG,10,7,NG,NG,8,NG,NG,NG,NG,NG,7,NG,NG,8,NG,NG,NG,NG
311209,NG,NG,NG,NG,NG,NG,NG,9,NG,8,NG,NG,NG,NG,8,NG,NG,NG,10,8,NG,NG,9,NG,NG,NG,NG,NG,8,NG,NG,8,NG,NG,NG,NG
312361,NG,NG,7,8,NG,NG,NG,7,7,7,NG,7,NG,8,9,8,5,7,8,7,NG,NG,8,NG,NG,9,8,NG,6,NG,7,7,NG,8,NG,NG
310289,NG,NG,NG,NG,NG,NG,NG,7,NG,8,NG,NG,NG,NG,7,NG,NG,NG,7,6,NG,NG,9,NG,NG,NG,NG,NG,7,NG,NG,8,NG,NG,NG,NG
312955,6,7,7,8,7,8,7,7,7,7,6,7,NG,8,6,6,6,8,9,7,7,8,7,7,NG,8,7,NG,7,8,6,8,NG,6,6,6
313003,7,7,8,9,8,7,10,7,8,10,10,8,NG,7,8,7,7,6,7,8,8,7,8,7,NG,9,9,NG,7,7,7,8,NG,10,8,6
311515,NG,NG,NG,NG,NG,NG,NG,6,NG,6,NG,NG,NG,NG,8,NG,NG,NG,9,7,NG,NG,7,NG,NG,NG,NG,NG,7,NG,NG,8,NG,NG,NG,NG
311047,NG,NG,NG,NG,NG,NG,NG,6,NG,8,NG,NG,NG,NG,8,NG,NG,NG,7,6,NG,NG,9,NG,NG,NG,NG,NG,6,NG,NG,8,NG,NG,NG,NG
311318,NG,NG,NG,NG,NG,NG,NG,5,NG,NG,NG,NG,NG,NG,8,NG,NG,NG,7,8,NG,NG,6,NG,NG,NG,NG,NG,5,NG,NG,7,NG,NG,NG,NG
312648,NG,NG,7,8,NG,NG,NG,7,7,7,NG,7,NG,7,6,6,7,8,10,7,NG,NG,8,NG,NG,7,6,NG,7,NG,6,8,NG,6,NG,NG
310498,NG,NG,NG,NG,NG,NG,NG,5,NG,NG,NG,NG,NG,NG,6,NG,NG,NG,6,6,NG,NG,NG,NG,NG,NG,NG,NG,6,NG,NG,4,NG,NG,NG,NG
310216,NG,NG,NG,NG,NG,NG,NG,7,NG,5,NG,NG,NG,NG,5,NG,NG,NG,7,4,NG,NG,7,NG,NG,NG,NG,NG,5,NG,NG,6,NG,NG,NG,NG
310567,NG,NG,NG,NG,NG,NG,NG,8,NG,7,NG,NG,NG,NG,7,NG,NG,NG,10,8,NG,NG,9,NG,NG,NG,NG,NG,9,NG,NG,9,NG,NG,NG,NG
313303,6,NG,6,8,NG,6,NG,6,NG,6,NG,5,NG,5,4,4,4,5,6,5,NG,6,NG,4,NG,6,7,NG,6,NG,NG,5,NG,6,NG,NG
313147,9,7,8,10,10,9,8,9,8,8,8,8,NG,9,8,9,6,7,9,8,7,9,7,8,NG,9,10,NG,8,10,7,7,NG,8,7,9
311901,NG,NG,7,7,NG,NG,NG,6,6,6,NG,7,NG,7,6,6,6,7,8,8,NG,NG,6,NG,NG,6,7,NG,7,NG,5,6,NG,6,NG,NG
310086,NG,NG,NG,NG,NG,NG,NG,7,NG,9,NG,NG,NG,NG,8,NG,NG,NG,9,8,NG,NG,8,NG,NG,NG,NG,NG,7,NG,NG,8,NG,NG,NG,NG
311467,NG,NG,NG,NG,NG,NG,NG,9,NG,8,NG,NG,NG,NG,7,NG,NG,NG,9,10,NG,NG,7,NG,NG,NG,NG,NG,8,NG,NG,6,NG,NG,NG,NG
311801,NG,NG,5,7,NG,NG,NG,5,NG,NG,NG,4,NG,5,5,5,2,NG,6,5,NG,NG,NG,NG,NG,6,NG,NG,5,NG,NG,4,NG,4,NG,NG
312318,NG,NG,7,7,NG,NG,NG,7,7,8,NG,8,NG,8,8,8,6,7,8,7,NG,NG,8,NG,NG,9,7,NG,6,NG,7,8,NG,8,NG,NG
311456,NG,NG,NG,NG,NG,NG,NG,7,NG,7,NG,NG,NG,NG,6,NG,NG,NG,9,8,NG,NG,6,NG,NG,NG,NG,NG,7,NG,NG,7,NG,NG,NG,NG
313414,6,8,8,8,6,7,7,7,6,8,8,8,NG,7,7,6,6,7,9,8,7,7,8,7,NG,8,7,NG,7,6,8,8,NG,7,7,4
311840,NG,NG,5,7,NG,NG,NG,5,5,NG,NG,6,NG,5,6,5,4,3,6,6,NG,NG,7,NG,NG,7,NG,NG,5,NG,6,6,NG,7,NG,NG
310581,NG,NG,NG,NG,NG,NG,NG,7,NG,6,NG,NG,NG,NG,6,NG,NG,NG,10,6,NG,NG,7,NG,NG,NG,NG,NG,7,NG,NG,7,NG,NG,NG,NG
313299,4,NG,4,6,NG,6,NG,5,4,NG,NG,6,NG,6,7,6,4,NG,7,6,NG,6,6,6,NG,6,NG,NG,6,NG,5,6,NG,5,NG,NG
310208,NG,NG,NG,NG,NG,NG,NG,8,NG,9,NG,NG,NG,NG,8,NG,NG,NG,9,7,NG,NG,10,NG,NG,NG,NG,NG,7,NG,NG,9,NG,NG,NG,NG
312618,NG,NG,5,6,NG,NG,NG,6,NG,6,NG,6,NG,6,7,7,4,4,4,6,NG,NG,NG,NG,NG,7,8,NG,4,NG,5,4,NG,7,NG,NG
310435,NG,NG,NG,NG,NG,NG,NG,6,NG,NG,NG,NG,NG,NG,6,NG,NG,NG,8,5,NG,NG,6,NG,NG,NG,NG,NG,6,NG,NG,7,NG,NG,NG,NG
311815,NG,NG,6,8,NG,NG,NG,7,7,6,NG,5,NG,7,5,6,4,NG,7,5,NG,NG,6,NG,NG,7,7,NG,6,NG,NG,6,NG,5,NG,NG
312764,8,6,9,9,9,9,8,8,8,8,9,8,NG,8,6,6,8,8,10,9,10,9,6,7,NG,7,9,NG,8,7,6,6,NG,7,7,7
312308,NG,NG,7,8,NG,NG,NG,7,6,8,NG,8,NG,7,8,8,6,7,8,8,NG,NG,7,NG,NG,8,8,NG,7,NG,7,7,NG,7,NG,NG
313644,5,NG,6,6,NG,5,NG,6,5,7,NG,6,NG,6,6,6,5,5,6,6,NG,NG,6,5,NG,7,7,NG,5,NG,6,6,NG,7,NG,NG
312321,NG,NG,5,5,NG,NG,NG,5,3,NG,NG,NG,NG,7,6,7,4,NG,7,6,NG,NG,5,NG,NG,6,NG,NG,5,NG,5,6,NG,5,NG,NG
310640,NG,NG,NG,NG,NG,NG,NG,7,NG,7,NG,NG,NG,NG,5,NG,NG,NG,8,6,NG,NG,7,NG,NG,NG,NG,NG,6,NG,NG,7,NG,NG,NG,NG
311629,NG,NG,7,9,NG,NG,NG,8,8,8,NG,7,NG,7,7,7,6,7,9,6,NG,NG,9,NG,NG,9,7,NG,7,NG,8,9,NG,7,NG,NG
312534,NG,NG,7,8,NG,NG,NG,7,6,7,NG,6,NG,7,6,7,5,7,8,7,NG,NG,6,NG,NG,6,8,NG,7,NG,6,6,NG,7,NG,NG
312658,NG,NG,7,8,NG,NG,NG,7,6,7,NG,7,NG,8,8,9,5,6,7,7,NG,NG,7,NG,NG,9,8,NG,7,NG,7,6,NG,8,NG,NG
313705,5,NG,5,7,NG,5,NG,6,6,6,NG,6,NG,5,6,6,4,4,6,4,NG,NG,6,5,NG,7,6,NG,4,NG,6,6,NG,6,NG,NG
311573,NG,NG,7,7,NG,NG,NG,6,5,7,NG,8,NG,8,6,7,7,8,9,8,NG,NG,7,NG,NG,7,6,NG,7,NG,7,8,NG,7,NG,NG
311609,NG,NG,6,7,NG,NG,NG,6,5,7,NG,6,NG,7,8,7,4,5,6,6,NG,NG,7,NG,NG,9,8,NG,5,NG,7,6,NG,7,NG,NG
312774,8,8,9,10,8,10,8,8,9,8,6,8,NG,9,6,6,8,8,10,8,9,9,8,7,NG,7,8,NG,9,9,7,8,NG,7,6,8
313531,7,8,8,9,9,9,6,7,7,7,6,8,NG,9,7,7,6,8,9,8,8,8,7,7,NG,7,7,NG,7,9,6,7,NG,6,6,7
311799,NG,NG,NG,9,NG,NG,NG,8,7,7,NG,8,NG,10,9,9,7,8,9,9,NG,NG,8,NG,NG,9,9,NG,8,NG,8,8,NG,8,NG,NG
310069,NG,NG,NG,NG,NG,NG,NG,7,NG,8,NG,NG,NG,NG,7,NG,NG,NG,8,6,NG,NG,8,NG,NG,NG,NG,NG,6,NG,NG,8,NG,NG,NG,NG
313120,8,8,8,9,8,9,10,9,8,10,10,10,NG,9,9,9,8,8,9,9,8,8,10,9,NG,10,9,NG,8,8,9,10,NG,9,9,NG
312976,6,NG,5,7,NG,6,NG,6,NG,6,NG,4,NG,6,5,4,3,NG,6,4,NG,NG,NG,4,NG,6,6,NG,5,NG,NG,4,NG,4,NG,NG
312563,NG,NG,5,7,NG,NG,NG,6,5,6,NG,5,NG,6,7,7,4,5,6,5,NG,NG,6,NG,NG,8,7,NG,5,NG,5,6,NG,6,NG,NG
313189,6,7,7,7,8,7,7,6,6,7,7,8,NG,8,8,8,6,8,8,8,7,8,7,7,NG,8,8,NG,7,8,6,6,NG,8,6,7
310708,NG,NG,NG,NG,NG,NG,NG,6,NG,9,NG,NG,NG,NG,8,NG,NG,NG,7,7,NG,NG,8,NG,NG,NG,NG,NG,5,NG,NG,7,NG,NG,NG,NG
313229,7,NG,7,10,NG,9,NG,7,8,6,NG,6,NG,7,5,6,4,NG,9,6,NG,8,7,6,NG,7,6,NG,7,NG,NG,7,NG,5,NG,NG
310835,NG,NG,NG,NG,NG,NG,NG,6,NG,8,NG,NG,NG,NG,6,NG,NG,NG,7,6,NG,NG,7,NG,NG,NG,NG,NG,5,NG,NG,6,NG,NG,NG,NG
310961,NG,NG,NG,NG,NG,NG,NG,8,NG,8,NG,NG,NG,NG,8,NG,NG,NG,8,10,NG,NG,7,NG,NG,NG,NG,NG,8,NG,NG,6,NG,NG,NG,NG
310432,NG,NG,NG,NG,NG,NG,NG,9,NG,10,NG,NG,NG,NG,9,NG,NG,NG,10,10,NG,NG,9,NG,NG,NG,NG,NG,9,NG,NG,9,NG,NG,NG,NG
310603,NG,NG,NG,NG,NG,NG,NG,7,NG,5,NG,NG,NG,NG,5,NG,NG,NG,8,5,NG,NG,6,NG,NG,NG,NG,NG,6,NG,NG,6,NG,NG,NG,NG
313541,7,6,6,8,7,6,8,7,7,8,9,7,NG,7,7,8,6,6,7,7,6,7,8,7,NG,9,8,NG,6,7,8,8,NG,9,7,7
312991,4,NG,6,5,NG,4,NG,4,NG,NG,NG,NG,NG,6,4,NG,6,NG,6,6,NG,NG,NG,4,NG,4,NG,NG,4,NG,NG,5,NG,6,NG,NG
310196,NG,NG,NG,NG,NG,NG,NG,6,NG,4,NG,NG,NG,NG,6,NG,NG,NG,8,5,NG,NG,6,NG,NG,NG,NG,NG,6,NG,NG,6,NG,NG,NG,NG
311137,NG,NG,NG,NG,NG,NG,NG,8,NG,8,NG,NG,NG,NG,10,NG,NG,NG,8,8,NG,NG,NG,NG,NG,NG,NG,NG,8,NG,NG,NG,NG,NG,NG,NG
312137,NG,NG,6,7,NG,NG,NG,7,6,8,NG,8,NG,7,9,9,6,6,7,7,NG,NG,8,NG,NG,9,9,NG,6,NG,7,7,NG,9,NG,NG
312475,NG,NG,6,7,NG,NG,NG,6,5,6,NG,6,NG,7,5,5,5,NG,8,6,NG,NG,6,NG,NG,6,6,NG,6,NG,NG,6,NG,4,NG,NG
313175,7,NG,7,7,NG,7,NG,6,6,6,NG,7,NG,8,6,6,6,6,7,7,NG,7,5,6,NG,6,7,NG,6,NG,4,6,NG,6,NG,NG
312645,NG,NG,9,10,NG,NG,NG,8,8,8,NG,8,NG,9,7,7,7,8,10,7,NG,NG,8,NG,NG,8,8,NG,8,NG,7,8,NG,6,NG,NG
312826,8,NG,8,9,NG,9,NG,7,7,6,NG,6,NG,8,6,7,5,NG,10,6,NG,8,7,7,NG,7,7,NG,7,NG,6,7,NG,5,NG,NG
311383,NG,NG,NG,NG,NG,NG,NG,8,NG,6,NG,NG,NG,NG,7,NG,NG,NG,9,7,NG,NG,6,NG,NG,NG,NG,NG,7,NG,NG,7,NG,NG,NG,NG
313465,5,NG,5,7,NG,5,NG,5,NG,NG,NG,5,NG,6,6,6,3,4,4,4,NG,NG,NG,6,NG,7,NG,NG,4,NG,5,4,NG,7,NG,NG
311481,NG,NG,NG,NG,NG,NG,NG,6,NG,8,NG,NG,NG,NG,8,NG,NG,NG,7,5,NG,NG,8,NG,NG,NG,NG,NG,5,NG,NG,7,NG,NG,NG,NG
311359,NG,NG,NG,NG,NG,NG,NG,6,NG,8,NG,NG,NG,NG,7,NG,NG,NG,7,7,NG,NG,6,NG,NG,NG,NG,NG,6,NG,NG,6,NG,NG,NG,NG
310287,NG,NG,NG,NG,NG,NG,NG,8,NG,9,NG,NG,NG,NG,7,NG,NG,NG,7,7,NG,NG,8,NG,NG,NG,NG,NG,6,NG,NG,7,NG,NG,NG,NG
311178,NG,NG,NG,NG,NG,NG,NG,8,NG,9,NG,NG,NG,NG,8,NG,NG,NG,9,9,NG,NG,8,NG,NG,NG,NG,NG,7,NG,NG,9,NG,NG,NG,NG
313137,6,NG,5,7,NG,6,NG,6,NG,5,NG,5,NG,6,6,6,3,NG,6,5,NG,NG,NG,5,NG,6,6,NG,5,NG,4,4,NG,5,NG,NG
311126,NG,NG,NG,NG,NG,NG,NG,4,NG,NG,NG,NG,NG,NG,6,NG,NG,NG,5,4,NG,NG,NG,NG,NG,NG,NG,NG,4,NG,NG,5,NG,NG,NG,NG
310770,NG,NG,NG,NG,NG,NG,NG,7,NG,7,NG,NG,NG,NG,7,NG,NG,NG,7,5,NG,NG,7,NG,NG,NG,NG,NG,6,NG,NG,6,NG,NG,NG,NG
311282,NG,NG,NG,NG,NG,NG,NG,8,NG,8,NG,NG,NG,NG,9,NG,NG,NG,10,10,NG,NG,8,NG,NG,NG,NG,NG,8,NG,NG,8,NG,NG,NG,NG
311042,NG,NG,NG,NG,NG,NG,NG,8,NG,8,NG,NG,NG,NG,6,NG,NG,NG,8,7,NG,NG,7,NG,NG,NG,NG,NG,7,NG,NG,7,NG,NG,NG,NG
311999,NG,NG,6,7,NG,NG,NG,6,6,7,NG,7,NG,7,8,9,5,7,8,7,NG,NG,7,NG,NG,8,7,NG,6,NG,7,6,NG,7,NG,NG
312504,NG,NG,6,6,NG,NG,NG,6,NG,7,NG,6,NG,5,7,7,5,4,4,6,NG,NG,NG,NG,NG,7,7,NG,5,NG,5,4,NG,8,NG,NG
313136,6,NG,6,7,NG,6,NG,6,7,7,NG,6,NG,6,6,6,4,6,7,5,NG,NG,8,6,NG,7,6,NG,5,NG,7,7,NG,6,NG,NG
310494,NG,NG,NG,NG,NG,NG,NG,7,NG,7,NG,NG,NG,NG,6,NG,NG,NG,8,7,NG,NG,6,NG,NG,NG,NG,NG,7,NG,NG,6,NG,NG,NG,NG
310383,NG,NG,NG,NG,NG,NG,NG,7,NG,9,NG,NG,NG,NG,8,NG,NG,NG,8,7,NG,NG,10,NG,NG,NG,NG,NG,6,NG,NG,9,NG,NG,NG,NG
313452,6,8,8,8,7,8,8,6,6,8,8,8,NG,8,7,7,8,7,9,9,8,7,7,8,NG,7,7,NG,7,8,6,7,NG,8,7,6
312863,6,6,6,7,5,6,8,6,7,9,9,7,NG,7,7,7,6,6,7,7,7,6,9,6,NG,8,8,NG,6,5,8,8,NG,8,7,6
313496,6,NG,7,8,NG,8,NG,7,6,5,NG,6,NG,7,6,6,6,6,8,6,NG,8,5,6,NG,7,6,NG,6,NG,4,6,NG,6,NG,NG
313572,9,8,9,10,10,10,9,9,8,9,9,9,NG,10,8,9,7,8,9,9,9,9,7,9,NG,10,10,NG,8,10,7,7,NG,9,7,9
311024,NG,NG,NG,NG,NG,NG,NG,7,NG,9,NG,NG,NG,NG,7,NG,NG,NG,8,8,NG,NG,7,NG,NG,NG,NG,NG,8,NG,NG,7,NG,NG,NG,NG
310260,NG,NG,NG,NG,NG,NG,NG,6,NG,8,NG,NG,NG,NG,6,NG,NG,NG,7,5,NG,NG,8,NG,NG,NG,NG,NG,5,NG,NG,8,NG,NG,NG,NG
312333,NG,NG,5,8,NG,NG,NG,6,NG,6,NG,5,NG,6,6,6,3,NG,6,5,NG,NG,NG,NG,NG,7,7,NG,5,NG,5,5,NG,5,NG,NG
312912,6,6,7,7,8,6,7,7,6,7,8,7,NG,7,7,8,5,6,6,7,6,7,6,7,NG,8,8,NG,6,7,6,6,NG,8,NG,7
312362,NG,NG,5,4,NG,NG,NG,4,NG,NG,NG,NG,NG,6,5,NG,4,NG,6,7,NG,NG,NG,NG,NG,4,NG,NG,4,NG,NG,4,NG,6,NG,NG
310921,NG,NG,NG,NG,NG,NG,NG,7,NG,7,NG,NG,NG,NG,8,NG,NG,NG,10,7,NG,NG,8,NG,NG,NG,NG,NG,7,NG,NG,8,NG,NG,NG,NG
310808,NG,NG,NG,NG,NG,NG,NG,7,NG,8,NG,NG,NG,NG,7,NG,NG,NG,9,NG,NG,NG,7,NG,NG,NG,NG,NG,8,NG,NG,7,NG,NG,NG,NG
312920,4,NG,6,5,NG,6,NG,4,NG,NG,NG,NG,NG,6,5,NG,4,NG,6,6,NG,NG,NG,5,NG,4,NG,NG,5,NG,NG,3,NG,5,NG,NG
311752,NG,NG,5,5,NG,NG,NG,4,4,NG,NG,NG,NG,6,6,6,4,NG,7,6,NG,NG,6,NG,NG,7,NG,NG,4,NG,5,6,NG,6,NG,NG
310317,NG,NG,NG,NG,NG,NG,NG,8,NG,7,NG,NG,NG,NG,6,NG,NG,NG,9,6,NG,NG,8,NG,NG,NG,NG,NG,7,NG,NG,8,NG,NG,NG,NG
310496,NG,NG,NG,NG,NG,NG,NG,5,NG,NG,NG,NG,NG,NG,6,NG,NG,NG,5,6,NG,NG,NG,NG,NG,NG,NG,NG,4,NG,NG,5,NG,NG,NG,NG
310076,NG,NG,NG,NG,NG,NG,NG,5,NG,NG,NG,NG,NG,NG,6,NG,NG,NG,5,6,NG,NG,6,NG,NG,NG,NG,NG,4,NG,NG,6,NG,NG,NG,NG
311157,NG,NG,NG,NG,NG,NG,NG,5,NG,NG,NG,NG,NG,NG,5,NG,NG,NG,6,3,NG,NG,NG,NG,NG,NG,NG,NG,4,NG,NG,5,NG,NG,NG,NG
311775,NG,NG,9,10,NG,NG,NG,9,8,9,NG,8,NG,9,9,9,8,8,10,8,NG,NG,9,NG,NG,10,10,NG,9,NG,8,9,NG,9,NG,NG
312409,NG,NG,7,9,NG,NG,NG,8,7,7,NG,8,NG,8,8,9,5,7,8,7,NG,NG,8,NG,NG,9,9,NG,7,NG,7,7,NG,7,NG,NG
310662,NG,NG,NG,NG,NG,NG,NG,6,NG,7,NG,NG,NG,NG,7,NG,NG,NG,8,9,NG,NG,NG,NG,NG,NG,NG,NG,7,NG,NG,5,NG,NG,NG,NG
310825,NG,NG,NG,NG,NG,NG,NG,5,NG,NG,NG,NG,NG,NG,4,NG,NG,NG,6,5,NG,NG,NG,NG,NG,NG,NG,NG,5,NG,NG,4,NG,NG,NG,NG
311977,NG,NG,8,9,NG,NG,NG,7,7,8,NG,8,NG,9,7,8,7,9,9,8,NG,NG,7,NG,NG,7,9,NG,8,NG,7,6,NG,7,NG,NG
310538,NG,NG,NG,NG,NG,NG,NG,7,NG,7,NG,NG,NG,NG,8,NG,NG,NG,7,6,NG,NG,6,NG,NG,NG,NG,NG,7,NG,NG,6,NG,NG,NG,NG
313467,8,8,9,9,10,8,9,8,7,9,9,10,NG,9,9,9,8,9,9,10,9,9,7,9,NG,8,10,NG,8,9,8,8,NG,9,8,9
313642,5,NG,4,7,NG,5,NG,6,6,6,NG,4,NG,5,5,5,2,NG,6,4,NG,NG,6,5,NG,7,6,NG,4,NG,NG,6,NG,5,NG,NG
310977,NG,NG,NG,NG,NG,NG,NG,6,NG,6,NG,NG,NG,NG,4,NG,NG,NG,5,6,NG,NG,NG,NG,NG,NG,NG,NG,6,NG,NG,4,NG,NG,NG,NG
311858,NG,NG,6,7,NG,NG,NG,6,6,7,NG,7,NG,7,8,8,5,6,8,7,NG,NG,7,NG,NG,8,7,NG,7,NG,7,7,NG,8,NG,NG
312706,NG,NG,7,10,NG,NG,NG,8,8,8,NG,7,NG,8,8,8,5,8,8,6,NG,NG,9,NG,NG,10,8,NG,7,NG,8,8,NG,8,NG,NG
311756,NG,NG,5,6,NG,NG,NG,5,4,NG,NG,6,NG,6,6,5,4,6,7,6,NG,NG,6,NG,NG,6,NG,NG,5,NG,5,6,NG,6,NG,NG
311226,NG,NG,NG,NG,NG,NG,NG,6,NG,5,NG,NG,NG,NG,7,NG,NG,NG,7,5,NG,NG,NG,NG,NG,NG,NG,NG,6,NG,NG,5,NG,NG,NG,NG
313324,10,8,9,10,9,10,8,9,10,8,8,8,NG,9,9,9,6,8,9,7,7,10,9,8,NG,10,10,NG,8,10,8,8,NG,9,8,9
311083,NG,NG,NG,NG,NG,NG,NG,8,NG,8,NG,NG,NG,NG,6,NG,NG,NG,8,7,NG,NG,7,NG,NG,NG,NG,NG,7,NG,NG,7,NG,NG,NG,NG
310651,NG,NG,NG,NG,NG,NG,NG,8,NG,7,NG,NG,NG,NG,7,NG,NG,NG,9,9,NG,NG,6,NG,NG,NG,NG,NG,8,NG,NG,6,NG,NG,NG,NG
312067,NG,NG,7,8,NG,NG,NG,7,7,9,NG,7,NG,7,7,6,NG,6,7,7,NG,NG,8,NG,NG,8,7,NG,6,NG,6,8,NG,8,NG,NG
312505,NG,NG,9,8,NG,NG,NG,7,7,7,NG,7,NG,8,5,5,8,7,9,8,NG,NG,5,NG,NG,6,8,NG,8,NG,NG,6,NG,7,NG,NG
312467,NG,NG,6,7,NG,NG,NG,6,5,5,NG,6,NG,7,6,6,4,NG,8,5,NG,NG,6,NG,NG,7,6,NG,6,NG,5,6,NG,5,NG,NG
312080,NG,NG,7,7,NG,NG,NG,7,6,8,NG,7,NG,8,6,7,7,8,9,8,NG,NG,7,NG,NG,7,6,NG,7,NG,6,7,NG,8,NG,NG
312967,7,NG,7,7,NG,8,NG,6,NG,4,NG,6,NG,7,6,7,4,6,7,6,NG,8,NG,7,NG,6,8,NG,6,NG,5,4,NG,6,NG,NG
311651,NG,NG,8,9,NG,NG,NG,8,NG,6,NG,7,NG,8,7,8,6,6,8,7,NG,NG,NG,NG,NG,8,8,NG,7,NG,7,5,NG,8,NG,NG
310669,NG,NG,NG,NG,NG,NG,NG,6,NG,7,NG,NG,NG,NG,5,NG,NG,NG,6,6,NG,NG,NG,NG,NG,NG,NG,NG,5,NG,NG,5,NG,NG,NG,NG
312807,8,9,9,9,10,9,8,8,7,8,8,9,NG,10,9,9,9,10,10,10,9,10,7,9,NG,8,9,NG,9,10,7,8,NG,9,8,8
310619,NG,NG,NG,NG,NG,NG,NG,9,NG,9,NG,NG,NG,NG,7,NG,NG,NG,10,9,NG,NG,9,NG,NG,NG,NG,NG,9,NG,NG,9,NG,NG,NG,NG
312630,NG,NG,7,7,NG,NG,NG,6,5,7,NG,7,NG,7,6,6,7,6,8,8,NG,NG,6,NG,NG,6,6,NG,6,NG,5,6,NG,6,NG,NG
310421,NG,NG,NG,NG,NG,NG,NG,6,NG,8,NG,NG,NG,NG,6,NG,NG,NG,6,5,NG,NG,8,NG,NG,NG,NG,NG,5,NG,NG,6,NG,NG,NG,NG
313798,8,6,8,9,9,9,7,8,8,7,7,7,NG,8,7,7,6,7,8,8,7,9,6,7,NG,8,9,NG,7,9,6,7,NG,6,6,8
313277,7,NG,7,9,NG,10,NG,8,8,6,NG,6,NG,9,5,6,7,NG,10,7,NG,8,7,6,NG,7,7,NG,8,NG,NG,7,NG,5,NG,NG
313626,7,9,8,8,10,9,7,8,7,7,6,8,NG,9,8,9,7,8,10,8,8,9,7,8,NG,9,7,NG,8,9,7,8,NG,7,7,7
310847,NG,NG,NG,NG,NG,NG,NG,6,NG,4,NG,NG,NG,NG,5,NG,NG,NG,5,5,NG,NG,NG,NG,NG,NG,NG,NG,5,NG,NG,3,NG,NG,NG,NG
313617,7,6,8,8,7,8,7,7,7,6,6,6,NG,7,6,6,6,6,8,6,7,8,6,6,NG,7,8,NG,6,7,5,6,NG,6,5,6
312072,NG,NG,7,8,NG,NG,NG,7,6,7,NG,7,NG,8,6,7,6,6,7,8,NG,NG,6,NG,NG,7,8,NG,7,NG,6,6,NG,7,NG,NG
312894,5,NG,6,6,NG,6,NG,5,NG,NG,NG,4,NG,6,5,NG,4,NG,5,5,NG,NG,NG,4,NG,5,NG,NG,5,NG,NG,3,NG,5,NG,NG
310642,NG,NG,NG,NG,NG,NG,NG,6,NG,4,NG,NG,NG,NG,5,NG,NG,NG,8,5,NG,NG,NG,NG,NG,NG,NG,NG,6,NG,NG,5,NG,NG,NG,NG
312275,NG,NG,7,8,NG,NG,NG,7,NG,7,NG,6,NG,7,6,6,5,5,7,7,NG,NG,NG,NG,NG,7,7,NG,6,NG,5,4,NG,6,NG,NG
310867,NG,NG,NG,NG,NG,NG,NG,7,NG,5,NG,NG,NG,NG,6,NG,NG,NG,9,7,NG,NG,5,NG,NG,NG,NG,NG,7,NG,NG,6,NG,NG,NG,NG
311474,NG,NG,NG,NG,NG,NG,NG,6,NG,7,NG,NG,NG,NG,7,NG,NG,NG,8,8,NG,NG,6,NG,NG,NG,NG,NG,7,NG,NG,6,NG,NG,NG,NG
313479,6,7,6,8,6,6,7,6,7,8,8,7,NG,6,7,7,6,7,8,6,5,6,9,7,NG,8,7,NG,6,7,7,8,NG,8,7,5
312178,NG,NG,6,6,NG,NG,NG,5,NG,NG,NG,5,NG,6,5,6,4,5,5,5,NG,NG,NG,NG,NG,6,NG,NG,5,NG,NG,4,NG,6,NG,NG
311009,NG,NG,NG,NG,NG,NG,NG,8,NG,7,NG,NG,NG,NG,8,NG,NG,NG,9,7,NG,NG,8,NG,NG,NG,NG,NG,8,NG,NG,7,NG,NG,NG,NG
313719,9,9,10,10,10,10,8,9,8,8,8,8,NG,10,8,8,9,9,10,10,9,10,6,9,NG,8,9,NG,9,10,6,7,NG,8,7,9
311189,NG,NG,NG,NG,NG,NG,NG,6,NG,7,NG,NG,NG,NG,9,NG,NG,NG,8,8,NG,NG,7,NG,NG,NG,NG,NG,7,NG,NG,8,NG,NG,NG,NG
310051,NG,NG,NG,NG,NG,NG,NG,4,NG,NG,NG,NG,NG,NG,6,NG,NG,NG,7,5,NG,NG,5,NG,NG,NG,NG,NG,5,NG,NG,6,NG,NG,NG,NG
312605,NG,NG,7,7,NG,NG,NG,6,NG,6,NG,5,NG,6,6,6,5,6,6,6,NG,NG,NG,NG,NG,6,7,NG,6,NG,4,4,NG,6,NG,NG
312662,NG,NG,5,7,NG,NG,NG,6,5,7,NG,6,NG,5,5,5,4,NG,6,6,NG,NG,7,NG,NG,6,5,NG,5,NG,NG,7,NG,5,NG,NG
312845,8,9,10,10,10,9,10,9,8,10,10,9,NG,9,9,8,8,8,9,9,9,9,7,8,NG,9,9,NG,8,8,7,8,NG,9,8,8
312784,7,NG,8,7,NG,7,NG,6,NG,6,NG,6,NG,7,6,6,6,7,7,8,NG,7,NG,6,NG,6,7,NG,6,NG,4,5,NG,6,NG,NG
310155,NG,NG,NG,NG,NG,NG,NG,8,NG,7,NG,NG,NG,NG,6,NG,NG,NG,9,8,NG,NG,6,NG,NG,NG,NG,NG,8,NG,NG,7,NG,NG,NG,NG
313308,7,7,9,9,8,8,9,7,7,9,9,9,NG,8,9,8,8,8,9,9,8,9,8,9,NG,8,9,NG,8,7,8,9,NG,10,9,8
313714,9,8,9,9,10,9,8,9,7,7,8,8,NG,9,7,9,8,7,8,9,9,10,6,8,NG,8,10,NG,8,9,7,6,NG,9,6,9
313627,8,6,7,9,7,8,7,8,9,7,7,6,NG,7,7,7,5,7,8,6,7,8,8,7,NG,9,8,NG,7,8,6,7,NG,6,NG,7
311637,NG,NG,7,7,NG,NG,NG,7,6,7,NG,8,NG,8,7,6,6,8,9,8,NG,NG,8,NG,NG,8,6,NG,7,NG,6,8,NG,6,NG,NG
310717,NG,NG,NG,NG,NG,NG,NG,5,NG,NG,NG,NG,NG,NG,NG,NG,NG,NG,7,7,NG,NG,5,NG,NG,NG,NG,NG,6,NG,NG,6,NG,NG,NG,NG
311694,NG,NG,6,7,NG,NG,NG,6,5,7,NG,7,NG,7,8,8,5,6,7,6,NG,NG,7,NG,NG,8,7,NG,6,NG,7,7,NG,7,NG,NG
310749,NG,NG,NG,NG,NG,NG,NG,8,NG,9,NG,NG,NG,NG,9,NG,NG,NG,9,10,NG,NG,8,NG,NG,NG,NG,NG,8,NG,NG,8,NG,NG,NG,NG
310352,NG,NG,NG,NG,NG,NG,NG,7,NG,9,NG,NG,NG,NG,6,NG,NG,NG,9,8,NG,NG,7,NG,NG,NG,NG,NG,7,NG,NG,7,NG,NG,NG,NG
310404,NG,NG,NG,NG,NG,NG,NG,8,NG,9,NG,NG,NG,NG,7,NG,NG,NG,10,8,NG,NG,9,NG,NG,NG,NG,NG,8,NG,NG,9,NG,NG,NG,NG
310066,NG,NG,NG,NG,NG,NG,NG,8,NG,8,NG,NG,NG,NG,8,NG,NG,NG,8,6,NG,NG,9,NG,NG,NG,NG,NG,7,NG,NG,8,NG,NG,NG,NG
312813,8,9,8,9,9,10,8,8,8,8,8,8,NG,9,8,8,7,9,10,8,8,9,8,8,NG,9,8,NG,9,10,7,8,NG,7,7,7
313167,7,NG,7,8,NG,8,NG,7,7,6,NG,6,NG,7,5,6,6,7,8,6,NG,8,6,6,NG,6,7,NG,6,NG,NG,6,NG,6,NG,NG
312068,NG,NG,7,7,NG,NG,NG,7,5,7,NG,8,NG,8,8,8,6,7,8,8,NG,NG,7,NG,NG,8,7,NG,7,NG,7,7,NG,7,NG,NG
311643,NG,NG,7,9,NG,NG,NG,7,7,9,NG,7,NG,7,7,6,5,6,8,6,NG,NG,8,NG,NG,8,7,NG,6,NG,7,8,NG,7,NG,NG
313711,5,NG,6,6,NG,6,NG,5,NG,NG,NG,6,NG,6,6,NG,5,6,6,6,NG,NG,NG,6,NG,5,NG,NG,5,NG,4,4,NG,6,NG,NG
313632,6,NG,6,7,NG,5,NG,6,6,8,NG,6,NG,6,6,6,4,5,6,6,NG,NG,8,5,NG,8,7,NG,5,NG,6,6,NG,6,NG,NG
310638,NG,NG,NG,NG,NG,NG,NG,6,NG,8,NG,NG,NG,NG,7,NG,NG,NG,9,6,NG,NG,8,NG,NG,NG,NG,NG,6,NG,NG,8,NG,NG,NG,NG
310321,NG,NG,NG,NG,NG,NG,NG,6,NG,7,NG,NG,NG,NG,6,NG,NG,NG,6,6,NG,NG,6,NG,NG,NG,NG,NG,6,NG,NG,6,NG,NG,NG,NG
312557,NG,NG,7,8,NG,NG,NG,6,6,7,NG,7,NG,8,8,9,6,8,9,7,NG,NG,8,NG,NG,9,8,NG,7,NG,7,8,NG,7,NG,NG
313187,8,8,9,10,9,10,8,8,8,7,7,8,NG,9,6,6,7,9,10,8,9,9,7,7,NG,7,8,NG,8,9,7,8,NG,7,6,7
311749,NG,NG,7,9,NG,NG,NG,7,7,9,NG,8,NG,8,9,9,6,7,7,8,NG,NG,8,NG,NG,9,9,NG,7,NG,7,7,NG,9,NG,NG
310047,NG,NG,NG,NG,NG,NG,NG,9,NG,9,NG,NG,NG,NG,9,NG,NG,NG,10,8,NG,NG,10,NG,NG,NG,NG,NG,8,NG,NG,10,NG,NG,NG,NG
311531,NG,NG,NG,NG,NG,NG,NG,5,NG,NG,NG,NG,NG,NG,8,NG,NG,NG,7,7,NG,NG,6,NG,NG,NG,NG,NG,6,NG,NG,6,NG,NG,NG,NG
311722,NG,NG,9,10,NG,NG,NG,9,9,10,NG,9,NG,8,9,8,8,8,9,9,NG,NG,10,NG,NG,10,10,NG,8,NG,9,9,NG,10,NG,NG
311187,NG,NG,NG,NG,NG,NG,NG,6,NG,5,NG,NG,NG,NG,4,NG,NG,NG,7,4,NG,NG,NG,NG,NG,NG,NG,NG,5,NG,NG,5,NG,NG,NG,NG
312596,NG,NG,5,6,NG,NG,NG,5,NG,NG,NG,4,NG,5,4,NG,4,NG,4,4,NG,NG,NG,NG,NG,5,NG,NG,4,NG,NG,3,NG,5,NG,NG
311556,NG,NG,6,8,NG,NG,NG,6,6,4,NG,5,NG,6,5,5,4,NG,8,5,NG,NG,6,NG,NG,6,5,NG,6,NG,NG,6,NG,4,NG,NG
310440,NG,NG,NG,NG,NG,NG,NG,7,NG,7,NG,NG,NG,NG,8,NG,NG,NG,7,9,NG,NG,NG,NG,NG,NG,NG,NG,7,NG,NG,5,NG,NG,NG,NG
312329,NG,NG,8,9,NG,NG,NG,8,8,9,NG,8,NG,8,9,8,7,7,8,8,NG,NG,9,NG,NG,10,10,NG,8,NG,8,7,NG,9,NG,NG
311822,NG,NG,6,7,NG,NG,NG,6,7,9,NG,8,NG,7,8,8,5,7,7,7,NG,NG,8,NG,NG,8,8,NG,7,NG,7,8,NG,8,NG,NG
310728,NG,NG,NG,NG,NG,NG,NG,10,NG,10,NG,NG,NG,NG,9,NG,NG,NG,9,8,NG,NG,9,NG,NG,NG,NG,NG,8,NG,NG,8,NG,NG,NG,NG
311662,NG,NG,6,8,NG,NG,NG,7,6,9,NG,7,NG,7,8,8,6,5,6,7,NG,NG,8,NG,NG,9,9,NG,6,NG,7,6,NG,8,NG,NG
313095,7,7,8,7,10,8,7,6,6,7,8,7,NG,8,7,8,7,7,8,8,7,8,6,8,NG,7,8,NG,7,8,6,6,NG,8,6,7
313278,7,9,8,9,7,8,8,8,7,8,8,8,NG,8,7,8,7,8,10,8,8,8,9,8,NG,8,6,NG,8,8,8,9,NG,7,8,6
312544,NG,NG,7,9,NG,NG,NG,7,7,8,NG,7,NG,7,8,8,6,7,8,8,NG,NG,8,NG,NG,8,8,NG,7,NG,7,8,NG,7,NG,NG
313471,6,8,7,6,8,7,6,6,5,7,7,8,NG,8,7,7,7,7,8,8,7,7,6,7,NG,7,7,NG,6,7,6,7,NG,7,7,6
312305,NG,NG,5,7,NG,NG,NG,6,NG,4,NG,5,NG,7,7,7,3,NG,7,6,NG,NG,NG,NG,NG,7,6,NG,5,NG,5,5,NG,5,NG,NG
310274,NG,NG,NG,NG,NG,NG,NG,9,NG,9,NG,NG,NG,NG,6,NG,NG,NG,10,9,NG,NG,7,NG,NG,NG,NG,NG,8,NG,NG,8,NG,NG,NG,NG
311674,NG,NG,8,7,NG,NG,NG,6,5,7,NG,8,NG,7,8,8,7,7,8,8,NG,NG,6,NG,NG,7,8,NG,7,NG,6,7,NG,8,NG,NG
312621,NG,NG,9,9,NG,NG,NG,9,8,10,NG,9,NG,9,9,9,8,8,9,10,NG,NG,9,NG,NG,9,9,NG,8,NG,8,9,NG,10,NG,NG
311486,NG,NG,NG,NG,NG,NG,NG,7,NG,5,NG,NG,NG,NG,6,NG,NG,NG,7,7,NG,NG,NG,NG,NG,NG,NG,NG,6,NG,NG,5,NG,NG,NG,NG
313744,6,NG,6,7,NG,6,NG,7,NG,7,NG,6,NG,6,7,7,6,5,7,6,NG,7,NG,6,NG,7,8,NG,6,NG,6,5,NG,7,NG,NG
312620,NG,NG,5,7,NG,NG,NG,6,6,6,NG,5,NG,6,6,6,4,5,6,5,NG,NG,6,NG,NG,8,7,NG,6,NG,6,6,NG,7,NG,NG
311940,NG,NG,6,7,NG,NG,NG,6,6,7,NG,5,NG,5,7,7,4,4,5,6,NG,NG,6,NG,NG,8,8,NG,5,NG,6,6,NG,7,NG,NG
310989,NG,NG,NG,NG,NG,NG,NG,6,NG,6,NG,NG,NG,NG,7,NG,NG,NG,9,7,NG,NG,6,NG,NG,NG,NG,NG,7,NG,NG,6,NG,NG,NG,NG
311514,NG,NG,NG,NG,NG,NG,NG,7,NG,8,NG,NG,NG,NG,9,NG,NG,NG,9,10,NG,NG,NG,NG,NG,NG,NG,NG,8,NG,NG,7,NG,NG,NG,NG
310934,NG,NG,NG,NG,NG,NG,NG,6,NG,5,NG,NG,NG,NG,5,NG,NG,NG,8,6,NG,NG,NG,NG,NG,NG,NG,NG,6,NG,NG,5,NG,NG,NG,NG
313476,7,8,8,8,9,8,8,8,7,8,9,8,NG,8,10,9,6,8,8,8,7,8,8,9,NG,10,9,NG,7,9,8,8,NG,10,8,8
310340,NG,NG,NG,NG,NG,NG,NG,7,NG,9,NG,NG,NG,NG,7,NG,NG,NG,10,9,NG,NG,8,NG,NG,NG,NG,NG,8,NG,NG,9,NG,NG,NG,NG
310328,NG,NG,NG,NG,NG,NG,NG,7,NG,9,NG,NG,NG,NG,9,NG,NG,NG,7,8,NG,NG,9,NG,NG,NG,NG,NG,6,NG,NG,8,NG,NG,NG,NG
310303,NG,NG,NG,NG,NG,NG,NG,8,NG,7,NG,NG,NG,NG,9,NG,NG,NG,9,10,NG,NG,7,NG,NG,NG,NG,NG,9,NG,NG,7,NG,NG,NG,NG
313376,7,9,9,8,8,8,9,8,8,10,10,9,NG,8,8,8,8,8,10,9,9,8,9,8,NG,8,8,NG,8,7,8,9,NG,9,9,6
310105,NG,NG,NG,NG,NG,NG,NG,7,NG,7,NG,NG,NG,NG,8,NG,NG,NG,7,5,NG,NG,8,NG,NG,NG,NG,NG,6,NG,NG,7,NG,NG,NG,NG
311442,NG,NG,NG,NG,NG,NG,NG,7,NG,7,NG,NG,NG,NG,6,NG,NG,NG,9,7,NG,NG,NG,NG,NG,NG,NG,NG,8,NG,NG,6,NG,NG,NG,NG
310203,NG,NG,NG,NG,NG,NG,NG,9,NG,9,NG,NG,NG,NG,8,NG,NG,NG,10,9,NG,NG,9,NG,NG,NG,NG,NG,9,NG,NG,9,NG,NG,NG,NG
310925,NG,NG,NG,NG,NG,NG,NG,7,NG,8,NG,NG,NG,NG,7,NG,NG,NG,9,7,NG,NG,9,NG,NG,NG,NG,NG,7,NG,NG,9,NG,NG,NG,NG
311408,NG,NG,NG,NG,NG,NG,NG,6,NG,NG,NG,NG,NG,NG,6,NG,NG,NG,6,5,NG,NG,NG,NG,NG,NG,NG,NG,6,NG,NG,5,NG,NG,NG,NG
313347,7,NG,7,10,NG,8,NG,8,9,7,NG,6,NG,6,6,6,4,6,8,4,NG,7,8,5,NG,9,7,NG,6,NG,7,7,NG,6,NG,NG
312963,7,7,8,8,9,7,9,7,7,8,9,8,NG,8,8,8,7,7,8,9,7,8,8,7,NG,8,9,NG,7,7,7,8,NG,9,7,7
312419,NG,NG,7,9,NG,NG,NG,8,8,10,NG,8,NG,7,7,7,7,6,8,7,NG,NG,10,NG,NG,9,9,NG,7,NG,8,9,NG,8,NG,NG
311563,NG,NG,8,8,NG,NG,NG,7,7,7,NG,7,NG,8,6,7,6,7,8,7,NG,NG,6,NG,NG,8,8,NG,7,NG,6,6,NG,7,NG,NG
310283,NG,NG,NG,NG,NG,NG,NG,6,NG,7,NG,NG,NG,NG,7,NG,NG,NG,6,8,NG,NG,NG,NG,NG,NG,NG,NG,5,NG,NG,5,NG,NG,NG,NG
311158,NG,NG,NG,NG,NG,NG,NG,8,NG,7,NG,NG,NG,NG,8,NG,NG,NG,8,8,NG,NG,6,NG,NG,NG,NG,NG,8,NG,NG,6,NG,NG,NG,NG
311174,NG,NG,NG,NG,NG,NG,NG,7,NG,8,NG,NG,NG,NG,8,NG,NG,NG,9,8,NG,NG,8,NG,NG,NG,NG,NG,7,NG,NG,7,NG,NG,NG,NG
311205,NG,NG,NG,NG,NG,NG,NG,7,NG,6,NG,NG,NG,NG,8,NG,NG,NG,8,7,NG,NG,6,NG,NG,NG,NG,NG,7,NG,NG,7,NG,NG,NG,NG
311915,NG,NG,8,8,NG,NG,NG,7,7,9,NG,8,NG,8,8,7,7,7,8,8,NG,NG,7,NG,NG,8,9,NG,8,NG,7,8,NG,9,NG,NG
310962,NG,NG,NG,NG,NG,NG,NG,8,NG,5,NG,NG,NG,NG,7,NG,NG,NG,9,8,NG,NG,6,NG,NG,NG,NG,NG,8,NG,NG,6,NG,NG,NG,NG
312609,NG,NG,8,6,NG,NG,NG,6,5,6,NG,7,NG,7,6,7,6,6,8,8,NG,NG,5,NG,NG,6,7,NG,7,NG,5,6,NG,6,NG,NG
311003,NG,NG,NG,NG,NG,NG,NG,6,NG,6,NG,NG,NG,NG,7,NG,NG,NG,7,7,NG,NG,6,NG,NG,NG,NG,NG,6,NG,NG,6,NG,NG,NG,NG
310126,NG,NG,NG,NG,NG,NG,NG,6,NG,6,NG,NG,NG,NG,6,NG,NG,NG,6,6,NG,NG,NG,NG,NG,NG,NG,NG,5,NG,NG,5,NG,NG,NG,NG
313327,4,NG,4,6,NG,4,NG,5,NG,NG,NG,5,NG,5,6,5,4,4,5,4,NG,NG,NG,5,NG,6,NG,NG,4,NG,5,5,NG,6,NG,NG
313455,4,NG,6,6,NG,6,NG,5,5,NG,NG,6,NG,6,7,6,5,5,6,6,NG,5,7,6,NG,7,NG,NG,6,NG,7,7,NG,7,NG,NG
310673,NG,NG,NG,NG,NG,NG,NG,5,NG,NG,NG,NG,NG,NG,6,NG,NG,NG,6,4,NG,NG,7,NG,NG,NG,NG,NG,5,NG,NG,7,NG,NG,NG,NG
313355,6,NG,7,7,NG,5,NG,6,6,8,NG,6,NG,6,7,6,5,4,6,7,NG,NG,6,6,NG,8,8,NG,5,NG,6,6,NG,8,NG,NG
310168,NG,NG,NG,NG,NG,NG,NG,5,NG,NG,NG,NG,NG,NG,6,NG,NG,NG,6,5,NG,NG,NG,NG,NG,NG,NG,NG,5,NG,NG,5,NG,NG,NG,NG
312034,NG,NG,8,7,NG,NG,NG,7,7,9,NG,9,NG,8,7,8,8,8,9,9,NG,NG,7,NG,NG,7,8,NG,8,NG,6,7,NG,8,NG,NG
310158,NG,NG,NG,NG,NG,NG,NG,7,NG,5,NG,NG,NG,NG,6,NG,NG,NG,8,8,NG,NG,NG,NG,NG,NG,NG,NG,7,NG,NG,4,NG,NG,NG,NG
311658,NG,NG,8,8,NG,NG,NG,7,7,9,NG,7,NG,7,7,7,6,6,7,8,NG,NG,8,NG,NG,8,9,NG,6,NG,7,7,NG,8,NG,NG
311877,NG,NG,6,8,NG,NG,NG,7,6,6,NG,5,NG,7,6,6,4,NG,8,5,NG,NG,7,NG,NG,7,6,NG,6,NG,6,7,NG,5,NG,NG
313244,7,7,7,9,8,9,6,7,7,6,6,7,NG,8,6,6,6,8,9,7,7,9,7,7,NG,7,7,NG,7,9,6,7,NG,6,6,6
313451,6,9,7,8,7,8,6,7,6,7,7,8,NG,8,7,7,7,8,10,8,8,8,8,8,NG,8,7,NG,7,8,7,8,NG,7,7,5
310493,NG,NG,NG,NG,NG,NG,NG,8,NG,8,NG,NG,NG,NG,7,NG,NG,NG,10,8,NG,NG,9,NG,NG,NG,NG,NG,8,NG,NG,10,NG,NG,NG,NG
311188,NG,NG,NG,NG,NG,NG,NG,7,NG,6,NG,NG,NG,NG,5,NG,NG,NG,7,7,NG,NG,NG,NG,NG,NG,NG,NG,6,NG,NG,5,NG,NG,NG,NG
313062,5,NG,6,7,NG,6,NG,6,6,8,NG,7,NG,6,7,7,5,6,6,6,NG,NG,8,6,NG,8,7,NG,5,NG,7,7,NG,7,NG,NG
313016,5,NG,5,6,NG,7,NG,6,6,6,NG,6,NG,7,6,6,5,NG,8,6,NG,6,7,6,NG,7,6,NG,6,NG,7,7,NG,5,NG,NG
310596,NG,NG,NG,NG,NG,NG,NG,7,NG,5,NG,NG,NG,NG,7,NG,NG,NG,8,8,NG,NG,NG,NG,NG,NG,NG,NG,7,NG,NG,5,NG,NG,NG,NG
311119,NG,NG,NG,NG,NG,NG,NG,9,NG,8,NG,NG,NG,NG,9,NG,NG,NG,10,8,NG,NG,9,NG,NG,NG,NG,NG,8,NG,NG,8,NG,NG,NG,NG
312330,NG,NG,5,6,NG,NG,NG,5,4,NG,NG,5,NG,4,5,5,3,4,6,5,NG,NG,6,NG,NG,6,NG,NG,4,NG,NG,6,NG,6,NG,NG
312095,NG,NG,8,8,NG,NG,NG,7,7,8,NG,7,NG,7,6,6,6,6,9,7,NG,NG,7,NG,NG,7,7,NG,6,NG,6,7,NG,6,NG,NG
313418,7,7,7,9,8,6,NG,7,7,8,8,7,NG,8,8,8,6,6,6,7,6,7,7,7,NG,9,9,NG,6,7,7,7,NG,8,7,8
310880,NG,NG,NG,NG,NG,NG,NG,4,NG,NG,NG,NG,NG,NG,6,NG,NG,NG,5,7,NG,NG,NG,NG,NG,NG,NG,NG,5,NG,NG,5,NG,NG,NG,NG
312392,NG,NG,6,8,NG,NG,NG,6,7,8,NG,6,NG,7,6,7,6,5,7,7,NG,NG,6,NG,NG,7,8,NG,6,NG,6,6,NG,8,NG,NG
310307,NG,NG,NG,NG,NG,NG,NG,6,NG,8,NG,NG,NG,NG,6,NG,NG,NG,8,8,NG,NG,6,NG,NG,NG,NG,NG,6,NG,NG,7,NG,NG,NG,NG
310827,NG,NG,NG,NG,NG,NG,NG,6,NG,5,NG,NG,NG,NG,5,NG,NG,NG,7,6,NG,NG,NG,NG,NG,NG,NG,NG,6,NG,NG,5,NG,NG,NG,NG
313544,7,8,8,9,8,9,8,7,8,9,8,9,NG,9,8,7,6,8,10,8,8,8,8,8,NG,9,7,NG,8,8,8,9,NG,7,8,6
312335,NG,NG,6,7,NG,NG,NG,6,5,6,NG,6,NG,7,6,6,5,NG,8,6,NG,NG,6,NG,NG,6,6,NG,6,NG,NG,6,NG,5,NG,NG
313006,6,8,7,6,7,7,7,6,6,8,8,8,NG,8,6,6,7,8,8,8,8,7,7,7,NG,7,6,NG,7,7,7,7,NG,7,7,4
313401,6,7,6,8,7,7,6,6,6,6,6,7,NG,7,6,6,6,7,9,6,7,7,7,7,NG,7,6,NG,7,7,6,7,NG,6,5,5
313677,7,6,7,8,9,6,9,7,6,9,9,8,NG,7,8,9,7,6,7,8,7,7,7,8,NG,9,9,NG,7,NG,7,7,NG,9,8,7
312881,6,6,7,8,8,7,6,7,6,6,5,6,NG,8,6,6,5,6,8,6,7,7,6,7,NG,7,6,NG,6,8,5,6,NG,6,NG,7
311440,NG,NG,NG,NG,NG,NG,NG,5,NG,NG,NG,NG,NG,NG,5,NG,NG,NG,7,5,NG,NG,7,NG,NG,NG,NG,NG,4,NG,NG,6,NG,NG,NG,NG
311337,NG,NG,NG,NG,NG,NG,NG,8,NG,9,NG,NG,NG,NG,9,NG,NG,NG,7,8,NG,NG,8,NG,NG,NG,NG,NG,7,NG,NG,8,NG,NG,NG,NG
311837,NG,NG,7,8,NG,NG,NG,7,6,7,NG,6,NG,7,5,5,6,7,9,6,NG,NG,6,NG,NG,6,6,NG,6,NG,NG,7,NG,6,NG,NG
312379,NG,NG,6,5,NG,NG,NG,4,NG,NG,NG,NG,NG,6,4,NG,5,NG,6,6,NG,NG,NG,NG,NG,5,NG,NG,5,NG,NG,4,NG,5,NG,NG
313699,9,7,8,10,8,9,9,8,9,9,9,8,NG,8,8,8,7,8,9,7,8,9,10,8,NG,10,9,NG,8,8,9,9,NG,8,8,8
311559,NG,NG,7,6,NG,NG,NG,5,4,NG,NG,7,NG,7,7,6,5,6,7,8,NG,NG,5,NG,NG,7,NG,NG,6,NG,6,6,NG,7,NG,NG
310128,NG,NG,NG,NG,NG,NG,NG,8,NG,9,NG,NG,NG,NG,8,NG,NG,NG,7,9,NG,NG,7,NG,NG,NG,NG,NG,6,NG,NG,7,NG,NG,NG,NG
312680,NG,NG,9,9,NG,NG,NG,9,8,7,NG,7,NG,9,7,7,7,8,9,8,NG,NG,7,NG,NG,8,8,NG,8,NG,7,7,NG,7,NG,NG
310394,NG,NG,NG,NG,NG,NG,NG,9,NG,9,NG,NG,NG,NG,7,NG,NG,NG,10,9,NG,NG,8,NG,NG,NG,NG,NG,9,NG,NG,9,NG,NG,NG,NG
313325,5,NG,6,6,NG,6,NG,5,5,NG,NG,6,NG,6,6,5,5,NG,8,6,NG,6,6,5,NG,6,NG,NG,6,NG,5,7,NG,4,NG,NG
311276,NG,NG,NG,NG,NG,NG,NG,4,NG,NG,NG,NG,NG,NG,6,NG,NG,NG,6,6,NG,NG,6,NG,NG,NG,NG,NG,4,NG,NG,6,NG,NG,NG,NG
313295,8,6,7,8,8,8,6,7,7,7,6,6,NG,7,7,8,5,6,7,6,5,7,7,7,NG,8,8,NG,6,8,6,6,NG,7,NG,7
313776,6,NG,7,8,7,8,7,7,6,8,7,7,NG,7,6,6,6,7,9,7,8,7,7,6,NG,7,7,NG,6,NG,6,8,NG,6,7,5
311675,NG,NG,7,8,NG,NG,NG,7,7,10,NG,8,NG,6,6,7,7,6,8,8,NG,NG,8,NG,NG,8,9,NG,6,NG,8,8,NG,9,NG,NG
311864,NG,NG,6,8,NG,NG,NG,6,NG,6,NG,5,NG,7,7,8,4,6,6,6,NG,NG,NG,NG,NG,8,8,NG,6,NG,6,5,NG,6,NG,NG
313235,8,8,9,9,10,9,8,8,8,9,8,8,NG,9,9,10,8,9,8,10,8,9,8,9,NG,9,10,NG,8,10,8,8,NG,10,8,9
310559,NG,NG,NG,NG,NG,NG,NG,9,NG,8,NG,NG,NG,NG,8,NG,NG,NG,10,5,NG,NG,10,NG,NG,NG,NG,NG,8,NG,NG,9,NG,NG,NG,NG
311409,NG,NG,NG,NG,NG,NG,NG,5,NG,NG,NG,NG,NG,NG,6,NG,NG,NG,5,6,NG,NG,NG,NG,NG,NG,NG,NG,4,NG,NG,3,NG,NG,NG,NG
313438,7,7,8,8,8,8,6,7,6,7,6,7,NG,8,7,7,7,8,9,8,7,9,6,8,NG,7,7,NG,7,9,6,7,NG,7,7,7
312042,NG,NG,8,9,NG,NG,NG,8,8,9,NG,9,NG,8,7,8,8,7,8,8,NG,NG,7,NG,NG,8,9,NG,8,NG,7,8,NG,9,NG,NG
310948,NG,NG,NG,NG,NG,NG,NG,7,NG,6,NG,NG,NG,NG,6,NG,NG,NG,10,8,NG,NG,6,NG,NG,NG,NG,NG,8,NG,NG,7,NG,NG,NG,NG
311647,NG,NG,7,9,NG,NG,NG,8,8,8,NG,8,NG,8,8,9,7,8,9,8,NG,NG,10,NG,NG,9,8,NG,7,NG,8,8,NG,8,NG,NG
311399,NG,NG,NG,NG,NG,NG,NG,8,NG,8,NG,NG,NG,NG,8,NG,NG,NG,9,8,NG,NG,7,NG,NG,NG,NG,NG,8,NG,NG,7,NG,NG,NG,NG
311028,NG,NG,NG,NG,NG,NG,NG,8,NG,7,NG,NG,NG,NG,6,NG,NG,NG,9,9,NG,NG,5,NG,NG,NG,NG,NG,8,NG,NG,6,NG,NG,NG,NG
312181,NG,NG,9,10,NG,NG,NG,9,8,7,NG,8,NG,9,8,9,7,8,9,8,NG,NG,7,NG,NG,8,9,NG,8,NG,6,7,NG,8,NG,NG
312539,NG,NG,9,10,NG,NG,NG,8,8,10,NG,8,NG,7,7,7,7,6,8,8,NG,NG,8,NG,NG,9,10,NG,7,NG,7,8,NG,9,NG,NG
312446,NG,NG,6,6,NG,NG,NG,5,5,NG,NG,7,NG,7,7,6,4,6,8,6,NG,NG,6,NG,NG,6,NG,NG,6,NG,5,6,NG,6,NG,NG
310879,NG,NG,NG,NG,NG,NG,NG,5,NG,NG,NG,NG,NG,NG,7,NG,NG,NG,5,6,NG,NG,NG,NG,NG,NG,NG,NG,4,NG,NG,5,NG,NG,NG,NG
313568,6,5,6,7,NG,5,7,6,6,7,8,7,NG,6,7,6,4,5,6,6,5,6,7,6,NG,8,7,NG,6,NG,6,6,NG,8,NG,6
312065,NG,NG,6,7,NG,NG,NG,6,6,8,NG,7,NG,6,7,7,6,6,7,7,NG,NG,6,NG,NG,7,7,NG,6,NG,6,7,NG,7,NG,NG
310116,NG,NG,NG,NG,NG,NG,NG,8,NG,9,NG,NG,NG,NG,7,NG,NG,NG,9,7,NG,NG,8,NG,NG,NG,NG,NG,8,NG,NG,8,NG,NG,NG,NG
311193,NG,NG,NG,NG,NG,NG,NG,8,NG,6,NG,NG,NG,NG,6,NG,NG,NG,8,8,NG,NG,6,NG,NG,NG,NG,NG,7,NG,NG,6,NG,NG,NG,NG
310471,NG,NG,NG,NG,NG,NG,NG,9,NG,9,NG,NG,NG,NG,10,NG,NG,NG,10,8,NG,NG,10,NG,NG,NG,NG,NG,8,NG,NG,10,NG,NG,NG,NG
311324,NG,NG,NG,NG,NG,NG,NG,6,NG,7,NG,NG,NG,NG,7,NG,NG,NG,6,5,NG,NG,7,NG,NG,NG,NG,NG,6,NG,NG,6,NG,NG,NG,NG
312218,NG,NG,9,9,NG,NG,NG,8,7,7,NG,8,NG,9,7,7,8,8,9,9,NG,NG,6,NG,NG,7,8,NG,8,NG,5,7,NG,7,NG,NG
310844,NG,NG,NG,NG,NG,NG,NG,6,NG,8,NG,NG, ,NG,6,NG,NG,NG,8,6,NG,NG,8,NG,NG,NG,NG,NG,5,NG,NG,7,NG,NG,NG,NG
313659,6,7,8,8,8,8,7,7,7,7,6,7,NG,8,6,6,6,7,8,8,9,8,6,7,NG,6,7,NG,7,7,6,6,NG,6,5,6
312490,NG,NG,8,8,NG,NG,NG,7,7,8,NG,9,NG,9,9,9,8,8,8,9,NG,NG,7,NG,NG,9,9,NG,8,NG,7,8,NG,9,NG,NG
313665,6,6,5,7,7,6,5,6,6,6,6,6,NG,6,7,8,4,6,6,6,4,6,7,6,NG,8,7,NG,6,7,6,6,NG,7,NG,5
312517,NG,NG,8,8,NG,NG,NG,7,6,8,NG,7,NG,7,6,7,6,7,7,7,NG,NG,7,NG,NG,7,7,NG,6,NG,6,7,NG,7,NG,NG
310070,NG,NG,NG,NG,NG,NG,NG,8,NG,7,NG,NG,NG,NG,6,NG,NG,NG,9,6,NG,NG,8,NG,NG,NG,NG,NG,7,NG,NG,8,NG,NG,NG,NG
313669,8,7,9,9,8,8,8,8,7,7,7,7,NG,8,6,6,8,7,8,8,8,8,6,7,NG,7,8,NG,7,8,6,6,NG,7,6,7
311219,NG,NG,NG,NG,NG,NG,NG,7,NG,7,NG,NG,NG,NG,7,NG,NG,NG,7,8,NG,NG,NG,NG,NG,NG,NG,NG,6,NG,NG,5,NG,NG,NG,NG
313751,5,NG,6,6,NG,6,NG,6,6,8,NG,7,NG,6,7,6,6,5,7,7,NG,NG,7,6,NG,7,8,NG,5,NG,7,7,NG,8,NG,NG
312024,NG,NG,8,8,NG,NG,NG,7,6,9,NG,8,NG,7,6,6,7,7,9,8,NG,NG,7,NG,NG,7,8,NG,8,NG,7,7,NG,8,NG,NG
310118,NG,NG,NG,NG,NG,NG,NG,8,NG,10,NG,NG,NG,NG,7,NG,NG,NG,8,7,NG,NG,9,NG,NG,NG,NG,NG,7,NG,NG,7,NG,NG,NG,NG
312824,6,NG,6,8,NG,6,NG,6,NG,4,NG,5,NG,7,6,7,3,6,7,6,NG,7,NG,6,NG,6,7,NG,6,NG,4,5,NG,6,NG,NG
312848,7,9,8,8,NG,8,8,7,7,8,8,8,NG,9,10,9,7,8,9,10,8,9,7,9,NG,9,9,NG,8,10,7,7,NG,9,7,8
312186,NG,NG,7,8,NG,NG,NG,7,6,7,NG,8,NG,7,8,8,7,7,8,9,NG,NG,7,NG,NG,8,8,NG,7,NG,7,7,NG,8,NG,NG
313429,5,NG,5,6,NG,5,NG,5,4,NG,NG,6,NG,6,7,7,4,5,6,6,NG,NG,6,7,NG,8,NG,NG,5,NG,6,7,NG,7,NG,NG
312651,NG,NG,6,7,NG,NG,NG,6,5,7,NG,7,NG,7,7,6,6,6,7,7,NG,NG,6,NG,NG,7,7,NG,6,NG,6,6,NG,8,NG,NG
313534,6,6,6,8,7,6,6,6,6,7,7,7,NG,7,8,9,4,6,7,6,4,7,8,7,NG,9,8,NG,6,8,7,7,NG,8,NG,7
310700,NG,NG,NG,NG,NG,NG,NG,7,NG,7,NG,NG,NG,NG,5,NG,NG,NG,8,7,NG,NG,6,NG,NG,NG,NG,NG,7,NG,NG,6,NG,NG,NG,NG
311367,NG,NG,NG,NG,NG,NG,NG,7,NG,9,NG,NG,NG,NG,8,NG,NG,NG,8,7,NG,NG,9,NG,NG,NG,NG,NG,6,NG,NG,8,NG,NG,NG,NG
310297,NG,NG,NG,NG,NG,NG,NG,6,NG,6,NG,NG,NG,NG,7,NG,NG,NG,8,7,NG,NG,6,NG,NG,NG,NG,NG,6,NG,NG,6,NG,NG,NG,NG
310032,NG,NG,NG,NG,NG,NG,NG,6,NG,4,NG,NG,NG,NG,6,NG,NG,NG,7,6,NG,NG,NG,NG,NG,NG,NG,NG,6,NG,NG,4,NG,NG,NG,NG
312202,NG,NG,6,9,NG,NG,NG,7,8,7,NG,6,NG,7,7,7,4,7,8,6,NG,NG,9,NG,NG,9,8,NG,7,NG,8,8,NG,7,NG,NG
311429,NG,NG,NG,NG,NG,NG,NG,7,NG,8,NG,NG,NG,NG,5,NG,NG,NG,8,8,NG,NG,7,NG,NG,NG,NG,NG,7,NG,NG,7,NG,NG,NG,NG
311759,NG,NG,6,7,NG,NG,NG,6,6,5,NG,5,NG,6,6,6,4,6,7,5,NG,NG,6,NG,NG,7,6,NG,6,NG,5,6,NG,6,NG,NG
310905,NG,NG,NG,NG,NG,NG,NG,7,NG,6,NG,NG,NG,NG,8,NG,NG,NG,8,7,NG,NG,7,NG,NG,NG,NG,NG,7,NG,NG,7,NG,NG,NG,NG
310762,NG,NG,NG,NG,NG,NG,NG,8,NG,10,NG,NG,NG,NG,9,NG,NG,NG,9,9,NG,NG,9,NG,NG,NG,NG,NG,8,NG,NG,9,NG,NG,NG,NG
312710,NG,NG,7,8,NG,NG,NG,7,6,8,NG,7,NG,7,7,6,6,6,7,7,NG,NG,7,NG,NG,8,8,NG,6,NG,6,7,NG,7,NG,NG
312232,NG,NG,8,7,NG,NG,NG,7,6,7,NG,8,NG,8,6,6,8,7,8,9,NG,NG,6,NG,NG,6,7,NG,7,NG,5,6,NG,7,NG,NG
313475,6,8,8,8,7,9,8,7,8,9,9,8,NG,8,8,8,7,8,9,8,8,8,9,8,NG,9,8,NG,7,8,8,9,NG,8,8,6
312280,NG,NG,8,9,NG,NG,NG,8,7,8,NG,8,NG,8,8,8,7,8,9,8,NG,NG,8,NG,NG,8,8,NG,7,NG,7,8,NG,8,NG,NG
312452,NG,NG,6,8,NG,NG,NG,7,7,8,NG,7,NG,6,6,6,5,5,6,6,NG,NG,7,NG,NG,8,8,NG,6,NG,6,6,NG,7,NG,NG
312685,NG,NG,7,7,NG,NG,NG,6,6,8,NG,7,NG,7,7,7,6,6,7,7,NG,NG,7,NG,NG,8,7,NG,6,NG,6,7,NG,8,NG,NG
310996,NG,NG,NG,NG,NG,NG,NG,5,NG,NG,NG,NG,NG,NG,6,NG,NG,NG,7,8,NG,NG,NG,NG,NG,NG,NG,NG,6,NG,NG,5,NG,NG,NG,NG
312430,NG,NG,9,9,NG,NG,NG,8,8,9,NG,8,NG,9,8,8,8,8,9,9,NG,NG,7,NG,NG,8,9,NG,8,NG,7,7,NG,9,NG,NG
312677,NG,NG,9,8,NG,NG,NG,8,7,7,NG,7,NG,8,6,6,7,8,8,8,NG,NG,6,NG,NG,6,8,NG,7,NG,5,7,NG,8,NG,NG
313739,7,8,8,10,7,10,7,8,9,7,7,7,NG,8,6,6,6,8,10,7,7,9,7,7,NG,7,7,NG,8,9,7,8,NG,6,6,6
311230,NG,NG,NG,NG,NG,NG,NG,7,NG,7,NG,NG,NG,NG,7,NG,NG,NG,6,7,NG,NG,6,NG,NG,NG,NG,NG,6,NG,NG,6,NG,NG,NG,NG
310812,NG,NG,NG,NG,NG,NG,NG,8,NG,7,NG,NG,NG,NG,8,NG,NG,NG,7,6,NG,NG,8,NG,NG,NG,NG,NG,7,NG,NG,7,NG,NG,NG,NG
313366,8,8,7,10,7,7,7,8,8,8,8,7,NG,8,9,9,5,7,9,6,6,8,9,7,NG,10,9,NG,7,9,8,9,NG,8,NG,8
313490,7,4,8,9,7,7,8,8,8,8,9,6,NG,7,6,6,6,6,7,7,7,7,7,6,NG,8,8,NG,6,NG,6,7,NG,7,6,6
311320,NG,NG,NG,NG,NG,NG,NG,6,NG,6,NG,NG,NG,NG,5,NG,NG,NG,7,6,NG,NG,5,NG,NG,NG,NG,NG,5,NG,NG,6,NG,NG,NG,NG
311594,NG,NG,8,7,NG,NG,NG,7,6,7,NG,7,NG,7,4,NG,6,6,8,8,NG,NG,5,NG,NG,5,7,NG,7,NG,NG,6,NG,6,NG,NG
312462,NG,NG,7,6,NG,NG,NG,6,6,7,NG,7,NG,7,7,7,6,7,8,8,NG,NG,7,NG,NG,7,7,NG,7,NG,6,7,NG,7,NG,NG
310425,NG,NG,NG,NG,NG,NG,NG,7,NG,7,NG,NG,NG,NG,6,NG,NG,NG,9,7,NG,NG,7,NG,NG,NG,NG,NG,6,NG,NG,8,NG,NG,NG,NG
311354,NG,NG,NG,NG,NG,NG,NG,7,NG,5,NG,NG,NG,NG,6,NG,NG,NG,8,7,NG,NG,NG,NG,NG,NG,NG,NG,6,NG,NG,5,NG,NG,NG,NG
311562,NG,NG,9,9,NG,NG,NG,8,8,8,NG,8,NG,9,8,8,8,8,10,8,NG,NG,8,NG,NG,9,8,NG,8,NG,7,8,NG,8,NG,NG
313115,7,NG,7,8,NG,8,NG,6,6,4,NG,6,NG,8,6,6,5,NG,8,6,NG,8,5,6,NG,7,6,NG,7,NG,4,6,NG,5,NG,NG
312670,NG,NG,6,8,NG,NG,NG,6,6,6,NG,7,NG,7,7,8,5,7,7,6,NG,NG,7,NG,NG,8,7,NG,6,NG,6,7,NG,6,NG,NG
313081,8,7,7,9,9,9,8,8,7,8,7,8,NG,8,8,8,6,8,9,8,7,9,7,8,NG,9,8,NG,7,10,7,7,NG,7,7,8
311162,NG,NG,NG,NG,NG,NG,NG,6,NG,7,NG,NG,NG,NG,6,NG,NG,NG,5,5,NG,NG,6,NG,NG,NG,NG,NG,5,NG,NG,6,NG,NG,NG,NG
311733,NG,NG,8,8,NG,NG,NG,7,7,10,NG,9,NG,7,7,6,8,7,8,8,NG,NG,8,NG,NG,7,8,NG,7,NG,7,8,NG,9,NG,NG
312301,NG,NG,9,9,NG,NG,NG,8,8,8,NG,7,NG,8,6,6,8,7,9,8,NG,NG,7,NG,NG,7,9,NG,8,NG,6,6,NG,8,NG,NG
312689,NG,NG,7,6,NG,NG,NG,6,5,6,NG,7,NG,7,8,7,6,7,7,8,NG,NG,6,NG,NG,7,7,NG,7,NG,5,6,NG,8,NG,NG
311808,NG,NG,9,8,NG,NG,NG,8,7,8,NG,9,NG,9,9,9,9,9,10,10,NG,NG,8,NG,NG,9,8,NG,8,NG,8,9,NG,10,NG,NG
311130,NG,NG,NG,NG,NG,NG,NG,7,NG,8,NG,NG,NG,NG,7,NG,NG,NG,8,6,NG,NG,9,NG,NG,NG,NG,NG,7,NG,NG,9,NG,NG,NG,NG
311501,NG,NG,NG,NG,NG,NG,NG,7,NG,7,NG,NG,NG,NG,6,NG,NG,NG,8,6,NG,NG,8,NG,NG,NG,NG,NG,7,NG,NG,8,NG,NG,NG,NG
310690,NG,NG,NG,NG,NG,NG,NG,7,NG,9,NG,NG,NG,NG,7,NG,NG,NG,6,7,NG,NG,7,NG,NG,NG,NG,NG,5,NG,NG,7,NG,NG,NG,NG
312107,NG,NG,6,10,NG,NG,NG,7,8,7,NG,5,NG,7,6,6,4,6,8,5,NG,NG,8,NG,NG,8,7,NG,6,NG,7,7,NG,6,NG,NG
310271,NG,NG,NG,NG,NG,NG,NG,7,NG,7,NG,NG,NG,NG,8,NG,NG,NG,9,9,NG,NG,6,NG,NG,NG,NG,NG,8,NG,NG,7,NG,NG,NG,NG
313275,9,7,9,10,8,10,8,8,9,7,7,7,NG,8,7,7,7,8,10,7,8,9,8,7,NG,9,8,NG,8,9,7,8,NG,7,8,7
312660,NG,NG,7,7,NG,NG,NG,6,NG,6,NG,6,NG,6,5,6,6,6,7,7,NG,NG,NG,NG,NG,6,7,NG,6,NG,NG,5,NG,6,NG,NG
310753,NG,NG,NG,NG,NG,NG,NG,6,NG,9,NG,NG,NG,NG,6,NG,NG,NG,7,5,NG,NG,8,NG,NG,NG,NG,NG,5,NG,NG,8,NG,NG,NG,NG
312387,NG,NG,5,6,NG,NG,NG,5,5,NG,NG,5,NG,5,6,5,4,4,5,6,NG,NG,6,NG,NG,7,NG,NG,4,NG,5,6,NG,6,NG,NG
313608,5,NG,7,6,NG,6,NG,6,5,7,NG,6,NG,7,5,5,6,6,8,7,NG,7,6,6,NG,6,6,NG,6,NG,NG,6,NG,6,NG,NG
312266,NG,NG,9,9,NG,NG,NG,8,8,9,NG,8,NG,8,6,7,9,7,9,9,NG,NG,7,NG,NG,7,8,NG,8,NG,6,7,NG,7,NG,NG
310560,NG,NG,NG,NG,NG,NG,NG,8,NG,6,NG,NG,NG,NG,9,NG,NG,NG,10,8,NG,NG,7,NG,NG,NG,NG,NG,8,NG,NG,7,NG,NG,NG,NG
310740,NG,NG,NG,NG,NG,NG,NG,7,NG,7,NG,NG,NG,NG,6,NG,NG,NG,9,7,NG,NG,6,NG,NG,NG,NG,NG,7,NG,NG,7,NG,NG,NG,NG
311038,NG,NG,NG,NG,NG,NG,NG,7,NG,8,NG,NG,NG,NG,8,NG,NG,NG,NG,6,NG,NG,7,NG,NG,NG,NG,NG,6,NG,NG,7,NG,NG,NG,NG
311777,NG,NG,4,4,NG,NG,NG,3,NG,NG,NG,NG,NG,6,6,NG,4,NG,6,5,NG,NG,NG,NG,NG,5,NG,NG,4,NG,5,5,NG,5,NG,NG
311947,NG,NG,8,9,NG,NG,NG,7,7,6,NG,7,NG,8,5,6,6,7,9,7,NG,NG,6,NG,NG,6,7,NG,7,NG,NG,6,NG,6,NG,NG
313536,3,NG,5,6,NG,6,NG,4,4,NG,NG,5,NG,6,5,NG,4,NG,8,5,NG,NG,5,5,NG,5,NG,NG,5,NG,NG,6,NG,4,NG,NG
312180,NG,NG,7,9,NG,NG,NG,7,7,8,NG,6,NG,7,6,7,5,6,8,6,NG,NG,8,NG,NG,8,8,NG,6,NG,7,7,NG,6,NG,NG
312195,NG,NG,7,8,NG,NG,NG,7,7,8,NG,8,NG,8,8,7,7,8,10,7,NG,NG,8,NG,NG,9,7,NG,7,NG,8,9,NG,8,NG,NG
313519,7,6,8,9,8,8,8,7,7,8,8,8,NG,7,7,7,6,6,7,7,8,8,7,7,NG,8,9,NG,6,7,6,6,NG,8,7,8
313369,7,6,7,8,7,7,8,7,7,8,9,7,NG,7,6,7,6,7,7,7,7,7,7,6,NG,8,8,NG,6,6,6,7,NG,8,6,6
311814,NG,NG,7,10,NG,NG,NG,8,7,6,NG,6,NG,8,7,8,5,8,9,7,NG,NG,7,NG,NG,9,7,NG,7,NG,7,7,NG,6,NG,NG
311560,NG,NG,6,6,NG,NG,NG,5,NG,NG,NG,5,NG,6,6,6,4,4,4,5,NG,NG,NG,NG,NG,6,NG,NG,5,NG,4,3,NG,6,NG,NG
312538,NG,NG,6,7,NG,NG,NG,6,6,6,NG,7,NG,7,6,7,5,7,8,6,NG,NG,7,NG,NG,7,6,NG,7,NG,6,7,NG,6,NG,NG
312228,NG,NG,8,9,NG,NG,NG,8,7,7,NG,7,NG,8,6,6,6,7,8,8,NG,NG,6,NG,NG,7,8,NG,8,NG,6,6,NG,7,NG,NG
313591,5,NG,6,6,NG,6,NG,6,6,7,NG,7,NG,6,7,6,5,5,6,6,NG,NG,7,6,NG,7,6,NG,5,NG,6,6,NG,6,NG,NG
312303,NG,NG,7,9,NG,NG,NG,7,7,8,NG,7,NG,7,6,6,6,6,7,6,NG,NG,6,NG,NG,8,8,NG,6,NG,6,6,NG,7,NG,NG
313224,7,7,9,8,9,8,7,7,7,7,8,7,NG,8,7,7,6,7,7,9,8,8,6,7,NG,7,8,NG,7,9,5,6,NG,7,6,7
311053,NG,NG,NG,NG,NG,NG,NG,7,NG,7,NG,NG,NG,NG,6,NG,NG,NG,8,7,NG,NG,8,NG,NG,NG,NG,NG,6,NG,NG,7,NG,NG,NG,NG
313731,9,7,7,10,7,8,8,8,9,8,8,7,NG,8,7,8,5,8,9,6,6,9,8,7,NG,10,9,NG,7,10,8,8,NG,8,NG,9
312593,NG,NG,5,5,NG,NG,NG,5,4,NG,NG,NG,NG,6,6,6,5,NG,7,6,NG,NG,5,NG,NG,6,NG,NG,5,NG,5,6,NG,6,NG,NG
312465,NG,NG,5,5,NG,NG,NG,4,3,NG,NG,NG,NG,6,5,4,5,NG,6,6,NG,NG,5,NG,NG,6,NG,NG,4,NG,NG,6,NG,5,NG,NG
312996,4,NG,6,6,NG,6,NG,5,NG,NG,NG,6,NG,6,4,NG,6,NG,7,7,NG,6,NG,5,NG,5,NG,NG,6,NG,NG,5,NG,5,NG,NG
310277,NG,NG,NG,NG,NG,NG,NG,7,NG,7,NG,NG,NG,NG,7,NG,NG,NG,10,6,NG,NG,8,NG,NG,NG,NG,NG,7,NG,NG,8,NG,NG,NG,NG
312812,9,8,9,10,9,10,8,9,9,8,7,8,NG,9,7,7,7,9,10,7,9,10,9,8,NG,9,9,NG,8,10,7,9,NG,7,7,8
312512,NG,NG,7,8,NG,NG,NG,7,NG,7,NG,6,NG,6,6,6,5,5,6,7,NG,NG,NG,NG,NG,8,8,NG,6,NG,5,5,NG,7,NG,NG
313790,6,NG,5,8,NG,6,NG,6,6,6,NG,5,NG,6,6,7,3,5,5,6,NG,6,6,6,NG,7,8,NG,6,NG,5,6,NG,6,NG,NG
313397,8,8,8,9,10,9,6,7,8,6,6,7,NG,8,8,9,6,8,9,7,7,9,7,8,NG,9,8,NG,7,10,7,7,NG,7,7,9
310834,NG,NG,NG,NG,NG,NG,NG,8,NG,7,NG,NG,NG,NG,6,NG,NG,NG,9,8,NG,NG,6,NG,NG,NG,NG,NG,8,NG,NG,7,NG,NG,NG,NG
312952,9,7,9,10,9,10,9,9,9,9,9,9,NG,9,8,8,8,8,10,8,9,9,8,8,NG,9,10,NG,8,9,7,8,NG,9,8,9
310232,NG,NG,NG,NG,NG,NG,NG,5,NG,NG,NG,NG,NG,NG,5,NG,NG,NG,6,5,NG,NG,NG,NG,NG,NG,NG,NG,5,NG,NG,4,NG,NG,NG,NG
312075,NG,NG,10,9,NG,NG,NG,9,7,8,NG,8,NG,9,8,7,8,8,9,9,NG,NG,6,NG,NG,7,9,NG,8,NG,6,6,NG,8,NG,NG
312047,NG,NG,7,7,NG,NG,NG,6,NG,6,NG,5,NG,7,4,NG,5,NG,8,7,NG,NG,NG,NG,NG,5,7,NG,6,NG,NG,5,NG,5,NG,NG
311389,NG,NG,NG,NG,NG,NG,NG,9,NG,9,NG,NG,NG,NG,9,NG,NG,NG,10,10,NG,NG,8,NG,NG,NG,NG,NG,9,NG,NG,9,NG,NG,NG,NG
311925,NG,NG,8,8,NG,NG,NG,7,NG,5,NG,7,NG,8,7,7,5,7,8,8,NG,NG,NG,NG,NG,6,6,NG,7,NG,4,5,NG,7,NG,NG
313620,8,9,8,10,8,9,9,8,8,9,9,9,NG,9,8,8,7,8,10,8,7,9,9,8,NG,9,8,NG,8,9,8,10,NG,8,8,7
312188,NG,NG,7,8,NG,NG,NG,7,7,8,NG,7,NG,7,8,9,6,6,7,7,NG,NG,7,NG,NG,9,9,NG,6,NG,6,7,NG,8,NG,NG
311564,NG,NG,7,8,NG,NG,NG,7,6,8,NG,8,NG,7,8,8,7,6,6,7,NG,NG,8,NG,NG,9,8,NG,6,NG,7,7,NG,9,NG,NG
310164,NG,NG,NG,NG,NG,NG,NG,6,NG,7,NG,NG,NG,NG,7,NG,NG,NG,8,8,NG,NG,6,NG,NG,NG,NG,NG,5,NG,NG,6,NG,NG,NG,NG
311931,NG,NG,4,7,NG,NG,NG,5,4,NG,NG,6,NG,6,6,6,4,NG,7,6,NG,NG,6,NG,NG,6,NG,NG,4,NG,5,6,NG,5,NG,NG
313777,6,7,6,7,7,7,6,6,6,6,5,6,NG,7,6,7,5,6,7,6,6,7,6,6,NG,7,7,NG,6,9,6,6,NG,6,NG,7
310490,NG,NG,NG,NG,NG,NG,NG,9,NG,8,NG,NG,NG,NG,8,NG,NG,NG,9,8,NG,NG,7,NG,NG,NG,NG,NG,8,NG,NG,8,NG,NG,NG,NG
311998,NG,NG,8,10,NG,NG,NG,8,8,9,NG,8,NG,7,7,8,7,6,8,8,NG,NG,8,NG,NG,9,10,NG,7,NG,7,8,NG,8,NG,NG
313126,6,NG,6,6,NG,7,NG,6,NG,5,NG,6,NG,7,4,NG,6,NG,7,6,NG,7,NG,5,NG,5,6,NG,6,NG,NG,4,NG,5,NG,NG
312814,6,7,7,8,7,9,6,6,7,7,7,7,NG,8,6,7,6,7,9,7,7,7,7,7,NG,7,7,NG,7,7,6,7,NG,6,6,5
312224,NG,NG,8,9,NG,NG,NG,8,8,7,NG,9,NG,9,7,7,7,9,10,8,NG,NG,8,NG,NG,8,7,NG,8,NG,7,8,NG,6,NG,NG
313110,6,NG,6,7,NG,7,NG,6,6,6,NG,6,NG,7,5,5,5,6,7,6,NG,7,6,6,NG,6,6,NG,6,NG,NG,6,NG,6,NG,NG
311816,NG,NG,6,8,NG,NG,NG,6,6,5,NG,5,NG,6,4,4,4,NG,8,5,NG,NG,5,NG,NG,6,5,NG,6,NG,NG,6,NG,4,NG,NG
311027,NG,NG,NG,NG,NG,NG,NG,7,NG,7,NG,NG,NG,NG,7,NG,NG,NG,10,7,NG,NG,8,NG,NG,NG,NG,NG,8,NG,NG,8,NG,NG,NG,NG
313564,9,9,9,9,10,10,8,9,7,8,8,9,NG,10,8,9,8,9,10,10,9,10,6,9,NG,8,9,NG,8,10,6,7,NG,9,7,10
313726,7,6,7,8,7,6,8,8,7,9,9,7,NG,7,7,7,6,6,7,7,7,7,9,7,NG,8,9,NG,6,6,7,7,NG,9,7,7
312888,7,7,7,8,9,8,6,7,6,6,6,6,NG,8,6,7,6,7,8,7,6,8,6,7,NG,7,7,NG,7,8,6,6,NG,7,6,7
312423,NG,NG,7,7,NG,NG,NG,6,5,7,NG,7,NG,8,6,5,8,7,8,8,NG,NG,6,NG,NG,6,7,NG,6,NG,6,7,NG,7,NG,NG
311868,NG,NG,6,9,NG,NG,NG,6,7,7,NG,5,NG,6,7,7,3,6,6,5,NG,NG,7,NG,NG,8,8,NG,6,NG,6,6,NG,6,NG,NG
310892,NG,NG,NG,NG,NG,NG,NG,8,NG,9,NG,NG,NG,NG,9,NG,NG,NG,10,10,NG,NG,9,NG,NG,NG,NG,NG,9,NG,NG,9,NG,NG,NG,NG
312959,8,9,10,8,10,10,9,8,8,9,8,9,NG,9,8,8,9,9,10,10,10,9,8,9,NG,8,9,NG,9,9,7,8,NG,9,8,8
313019,6,NG,7,6,NG,7,NG,6,NG,6,NG,6,NG,7,6,6,6,6,8,7,NG,9,NG,6,NG,6,7,NG,6,NG,4,4,NG,6,NG,NG
310612,NG,NG,NG,NG,NG,NG,NG,6,NG,7,NG,NG,NG,NG,5,NG,NG,NG,6,4,NG,NG,NG,NG,NG,NG,NG,NG,4,NG,NG,5,NG,NG,NG,NG
310243,NG,NG,NG,NG,NG,NG,NG,7,NG,7,NG,NG,NG,NG,6,NG,NG,NG,9,6,NG,NG,7,NG,NG,NG,NG,NG,7,NG,NG,7,NG,NG,NG,NG
312585,NG,NG,7,8,NG,NG,NG,7,7,6,NG,6,NG,8,6,7,5,8,9,6,NG,NG,6,NG,NG,7,6,NG,7,NG,6,7,NG,6,NG,NG
312665,NG,NG,7,10,NG,NG,NG,7,8,7,NG,6,NG,7,6,6,5,7,9,6,NG,NG,8,NG,NG,8,8,NG,7,NG,7,7,NG,6,NG,NG
313129,9,8,8,10,8,10,9,9,10,9,9,8,NG,10,9,9,6,8,10,7,8,10,10,8,NG,10,10,NG,8,9,9,10,NG,8,9,9
312403,NG,NG,9,9,NG,NG,NG,8,7,7,NG,7,NG,9,7,7,8,8,8,9,NG,NG,5,NG,NG,7,9,NG,8,NG,5,6,NG,7,NG,NG
312799,4,NG,6,6,NG,4,NG,5,5,NG,NG,5,NG,5,5,5,3,4,5,5,NG,NG,6,4,NG,6,NG,NG,4,NG,NG,6,NG,6,NG,NG
310092,NG,NG,NG,NG,NG,NG,NG,8,NG,10,NG,NG,NG,NG,7,NG,NG,NG,10,9,NG,NG,8,NG,NG,NG,NG,NG,7,NG,NG,8,NG,NG,NG,NG
313755,5,NG,6,6,NG,5,NG,5,NG,NG,NG,4,NG,5,4,5,4,NG,5,5,NG,NG,NG,4,NG,6,NG,NG,4,NG,NG,4,NG,5,NG,NG
312673,NG,NG,6,8,NG,NG,NG,7,7,7,NG,6,NG,7,6,6,4,7,9,5,NG,NG,8,NG,NG,8,6,NG,6,NG,7,8,NG,6,NG,NG
310992,NG,NG,NG,NG,NG,NG,NG,5,NG,NG,NG,NG,NG,NG,6,NG,NG,NG,6,7,NG,NG,NG,NG,NG,NG,NG,NG,5,NG,NG,5,NG,NG,NG,NG
311793,NG,NG,9,10,NG,NG,NG,10,10,10,NG,9,NG,9,8,8,8,10,10,8,NG,NG,10,NG,NG,10,8,NG,9,NG,10,10,NG,7,NG,NG
311171,NG,NG,NG,NG,NG,NG,NG,8,NG,9,NG,NG,NG,NG,7,NG,NG,NG,8,8,NG,NG,8,NG,NG,NG,NG,NG,7,NG,NG,7,NG,NG,NG,NG
310601,NG,NG,NG,NG,NG,NG,NG,8,NG,7,NG,NG,NG,NG,8,NG,NG,NG,7,6,NG,NG,8,NG,NG,NG,NG,NG,7,NG,NG,7,NG,NG,NG,NG
312641,NG,NG,7,6,NG,NG,NG,6,5,6,NG,7,NG,7,7,7,5,6,8,8,NG,NG,5,NG,NG,6,6,NG,6,NG,5,6,NG,7,NG,NG
310615,NG,NG,NG,NG,NG,NG,NG,7,NG,8,NG,NG,NG,NG,8,NG,NG,NG,6,6,NG,NG,7,NG,NG,NG,NG,NG,5,NG,NG,6,NG,NG,NG,NG
311258,NG,NG,NG,NG,NG,NG,NG,7,NG,8,NG,NG,NG,NG,8,NG,NG,NG,10,7,NG,NG,8,NG,NG,NG,NG,NG,7,NG,NG,9,NG,NG,NG,NG
312738,7,5,6,8,7,6,6,7,6,6,6,6,NG,6,7,6,5,6,7,6,6,7,7,7,NG,7,8,NG,6,NG,5,6,NG,7,NG,7
313770,5,NG,4,7,NG,6,NG,6,6,8,NG,6,NG,6,6,6,4,6,7,5,NG,NG,9,6,NG,8,6,NG,4,NG,7,8,NG,6,NG,NG
311843,NG,NG,9,9,NG,NG,NG,8,8,8,NG,8,NG,8,7,8,7,7,9,9,NG,NG,7,NG,NG,9,9,NG,8,NG,7,7,NG,8,NG,NG
313371,8,7,8,10,8,8,9,8,9,8,9,8,NG,8,9,9,6,8,9,7,7,9,10,9,NG,10,9,NG,8,8,8,8,NG,9,8,8
311248,NG,NG,NG,NG,NG,NG,NG,6,NG,8,NG,NG,NG,NG,6,NG,NG,NG,6,6,NG,NG,6,NG,NG,NG,NG,NG,5,NG,NG,6,NG,NG,NG,NG
310600,NG,NG,NG,NG,NG,NG,NG,7,NG,8,NG,NG,NG,NG,8,NG,NG,NG,6,7,NG,NG,7,NG,NG,NG,NG,NG,6,NG,NG,7,NG,NG,NG,NG
310195,NG,NG,NG,NG,NG,NG,NG,7,NG,8,NG,NG,NG,NG,10,NG,NG,NG,7,7,NG,NG,9,NG,NG,NG,NG,NG,6,NG,NG,8,NG,NG,NG,NG
313181,4,NG,4,6,NG,6,NG,5,NG,NG,NG,5,NG,6,6,6,3,NG,7,5,NG,NG,NG,6,NG,6,NG,NG,4,NG,5,5,NG,4,NG,NG
311771,NG,NG,6,7,NG,NG,NG,6,6,6,NG,6,NG,6,4,5,4,NG,7,5,NG,NG,5,NG,NG,6,6,NG,6,NG,NG,6,NG,4,NG,NG
313559,8,8,8,9,9,8,10,8,8,10,10,10,NG,8,9,9,8,8,10,9,9,8,10,9,NG,10,9,NG,8,7,9,9,NG,10,8,7
310806,NG,NG,NG,NG,NG,NG,NG,6,NG,7,NG,NG,NG,NG,7,NG,NG,NG,6,8,NG,NG,NG,NG,NG,NG,NG,NG,6,NG,NG,5,NG,NG,NG,NG
312170,NG,NG,7,8,NG,NG,NG,6,6,8,NG,6,NG,6,6,6,6,6,8,7,NG,NG,6,NG,NG,7,7,NG,6,NG,6,7,NG,6,NG,NG
312752,7,6,8,8,9,7,8,7,6,8,9,7,NG,7,9,8,7,7,7,8,7,8,6,8,NG,8,9,NG,7,7,6,6,NG,10,6,8
310680,NG,NG,NG,NG,NG,NG,NG,6,NG,5,NG,NG,NG,NG,6,NG,NG,NG,6,8,NG,NG,NG,NG,NG,NG,NG,NG,6,NG,NG,4,NG,NG,NG,NG
312924,6,5,7,7,6,6,9,7,7,9,9,7,NG,6,7,7,6,6,6,7,7,6,8,7,NG,9,8,NG,6,NG,7,7,NG,8,7,6
310586,NG,NG,NG,NG,NG,NG,NG,7,NG,7,NG,NG,NG,NG,7,NG,NG,NG,10,8,NG,NG,7,NG,NG,NG,NG,NG,8,NG,NG,8,NG,NG,NG,NG
310981,NG,NG,NG,NG,NG,NG,NG,5,NG,NG,NG,NG,NG,NG,7,NG,NG,NG,6,7,NG,NG,NG,NG,NG,NG,NG,NG,6,NG,NG,4,NG,NG,NG,NG
311419,NG,NG,NG,NG,NG,NG,NG,8,NG,7,NG,NG,NG,NG,6,NG,NG,NG,9,9,NG,NG,5,NG,NG,NG,NG,NG,8,NG,NG,6,NG,NG,NG,NG
310398,NG,NG,NG,NG,NG,NG,NG,8,NG,6,NG,NG,NG,NG,8,NG,NG,NG,10,9,NG,NG,7,NG,NG,NG,NG,NG,8,NG,NG,7,NG,NG,NG,NG
310768,NG,NG,NG,NG,NG,NG,NG,6,NG,7,NG,NG,NG,NG,6,NG,NG,NG,7,5,NG,NG,7,NG,NG,NG,NG,NG,5,NG,NG,6,NG,NG,NG,NG
310074,NG,NG,NG,NG,NG,NG,NG,8,NG,8,NG,NG,NG,NG,8,NG,NG,NG,9,8,NG,NG,8,NG,NG,NG,NG,NG,7,NG,NG,8,NG,NG,NG,NG
311154,NG,NG,NG,NG,NG,NG,NG,5,NG,NG,NG,NG,NG,NG,6,NG,NG,NG,6,5,NG,NG,NG,NG,NG,NG,NG,NG,5,NG,NG,5,NG,NG,NG,NG
311059,NG,NG,NG,NG,NG,NG,NG,5,NG,NG,NG,NG,NG,NG,6,NG,NG,NG,6,4,NG,NG,7,NG,NG,NG,NG,NG,4,NG,NG,7,NG,NG,NG,NG
310075,NG,NG,NG,NG,NG,NG,NG,5,NG,NG,NG,NG,NG,NG,7,NG,NG,NG,5,5,NG,NG,5,NG,NG,NG,NG,NG,4,NG,NG,6,NG,NG,NG,NG
312011,NG,NG,6,7,NG,NG,NG,6,5,6,NG,6,NG,7,8,7,4,6,8,6,NG,NG,7,NG,NG,7,6,NG,6,NG,6,6,NG,6,NG,NG
312936,8,7,8,10,7,8,8,8,9,8,8,7,NG,8,6,7,6,7,9,6,7,8,8,7,NG,8,8,NG,7,8,7,8,NG,7,6,7
310474,NG,NG,NG,NG,NG,NG,NG,7,NG,9,NG,NG,NG,NG,8,NG,NG,NG,8,7,NG,NG,9,NG,NG,NG,NG,NG,6,NG,NG,9,NG,NG,NG,NG
313159,7,7,7,9,7,6,9,8,7,9,10,8,NG,8,9,8,7,6,8,8,7,7,9,8,NG,10,8,NG,6,6,8,8,NG,9,8,7
310444,NG,NG,NG,NG,NG,NG,NG,7,NG,9,NG,NG,NG,NG,7,NG,NG,NG,8,6,NG,NG,9,NG,NG,NG,NG,NG,6,NG,NG,9,NG,NG,NG,NG
313337,6,6,6,7,6,6,8,7,6,9,9,7,NG,7,7,7,6,6,7,6,6,6,9,7,NG,9,7,NG,6,6,7,8,NG,8,7,6
313282,8,7,9,9,8,9,8,8,8,9,9,9,NG,9,6,7,8,7,9,9,10,9,7,7,NG,7,9,NG,8,7,7,7,NG,7,7,7
310042,NG,NG,NG,NG,NG,NG,NG,8,NG,9,NG,NG,NG,NG,6,NG,NG,NG,8,7,NG,NG,8,NG,NG,NG,NG,NG,7,NG,NG,9,NG,NG,NG,NG
312808,7,6,8,9,8,7,8,8,8,9,8,8,NG,7,9,9,6,7,7,7,7,8,9,7,NG,9,9,NG,7,8,8,8,NG,8,7,7
310292,NG,NG,NG,NG,NG,NG,NG,4,NG,NG,NG,NG,NG,NG,6,NG,NG,NG,5,7,NG,NG,NG,NG,NG,NG,NG,NG,5,NG,NG,4,NG,NG,NG,NG
312937,7,7,8,8,9,8,7,7,6,6,7,7,NG,7,6,6,6,7,8,7,7,8,6,6,NG,6,7,NG,7,8,5,6,NG,7,5,7
312592,NG,NG,6,8,NG,NG,NG,6,7,7,NG,6,NG,7,6,7,3,7,7,5,NG,NG,8,NG,NG,8,7,NG,6,NG,7,7,NG,6,NG,NG
311136,NG,NG,NG,NG,NG,NG,NG,7,NG,8,NG,NG,NG,NG,6,NG,NG,NG,9,7,NG,NG,7,NG,NG,NG,NG,NG,7,NG,NG,7,NG,NG,NG,NG
313569,6,6,7,8,7,7,9,7,6,10,9,8,NG,7,7,7,7,7,7,8,7,7,7,7,NG,8,9,NG,6,6,7,7,NG,8,8,6
313108,6,NG,8,7,NG,6,NG,6,NG,7,NG,6,NG,7,7,7,6,7,7,7,NG,8,NG,7,NG,7,8,NG,7,NG,6,5,NG,8,NG,NG
312884,6,6,6,7,NG,5,7,6,6,8,8,7,NG,6,7,6,6,5,6,7,6,6,6,7,NG,7,8,NG,6,5,6,6,NG,8,6,NG
311274,NG,NG,NG,NG,NG,NG,NG,8,NG,8,NG,NG,NG,NG,7,NG,NG,NG,9,NG,NG,NG,8,NG,NG,NG,NG,NG,7,NG,NG,9,NG,NG,NG,NG
312040,NG,NG,8,9,NG,NG,NG,8,9,10,NG,9,NG,8,8,8,7,8,9,8,NG,NG,9,NG,NG,9,9,NG,8,NG,8,9,NG,10,NG,NG
312625,NG,NG,6,7,NG,NG,NG,6,NG,7,NG,5,NG,5,7,6,5,5,5,6,NG,NG,NG,NG,NG,8,8,NG,5,NG,5,5,NG,7,NG,NG
310190,NG,NG,NG,NG,NG,NG,NG,7,NG,7,NG,NG,NG,NG,9,NG,NG,NG,8,7,NG,NG,NG,NG,NG,NG,NG,NG,7,NG,NG,8,NG,NG,NG,NG
311256,NG,NG,NG,NG,NG,NG,NG,8,NG,9,NG,NG,NG,NG,8,NG,NG,NG,10,8,NG,NG,10,NG,NG,NG,NG,NG,7,NG,NG,10,NG,NG,NG,NG
310755,NG,NG,NG,NG,NG,NG,NG,6,NG,8,NG,NG,NG,NG,9,NG,NG,NG,7,8,NG,NG,8,NG,NG,NG,NG,NG,6,NG,NG,8,NG,NG,NG,NG
310951,NG,NG,NG,NG,NG,NG,NG,8,NG,10,NG,NG,NG,NG,9,NG,NG,NG,10,10,NG,NG,8,NG,NG,NG,NG,NG,9,NG,NG,8,NG,NG,NG,NG
310530,NG,NG,NG,NG,NG,NG,NG,9,NG,9,NG,NG,NG,NG,8,NG,NG,NG,10,9,NG,NG,9,NG,NG,NG,NG,NG,9,NG,NG,9,NG,NG,NG,NG
312241,NG,NG,6,7,NG,NG,NG,6,6,5,NG,6,NG,7,7,7,5,7,8,6,NG,NG,6,NG,NG,8,6,NG,6,NG,6,6,NG,6,NG,NG
310459,NG,NG,NG,NG,NG,NG,NG,5,NG,NG,NG,NG,NG,NG,8,NG,NG,NG,6,5,NG,NG,7,NG,NG,NG,NG,NG,5,NG,NG,7,NG,NG,NG,NG
312136,NG,NG,5,9,NG,NG,NG,7,8,6,NG,5,NG,6,6,6,3,NG,7,4,NG,NG,7,NG,NG,8,6,NG,5,NG,6,6,NG,5,NG,NG
313509,5,NG,7,7,NG,8,NG,6,6,6,NG,6,NG,7,4,5,6,NG,8,6,NG,7,6,6,NG,6,6,NG,6,NG,NG,6,NG,5,NG,NG
313374,6,NG,6,6,NG,6,NG,6,NG,6,NG,5,NG,6,6,6,5,5,6,7,NG,NG,NG,6,NG,6,7,NG,5,NG,3,3,NG,7,NG,NG
313289,6,7,6,7,6,8,5,6,6,6,6,6,NG,7,6,6,5,7,8,6,6,7,7,7,NG,7,6,NG,6,8,6,7,NG,6,NG,6
312816,4,NG,5,6,NG,5,NG,4,NG,NG,NG,6,NG,5,6,4,4,5,6,5,NG,NG,NG,5,NG,6,NG,NG,4,NG,5,5,NG,6,NG,NG
312058,NG,NG,8,9,NG,NG,NG,8,8,9,NG,7,NG,8,7,8,8,7,8,8,NG,NG,7,NG,NG,8,9,NG,7,NG,7,7,NG,8,NG,NG
312139,NG,NG,8,10,NG,NG,NG,9,8,7,NG,7,NG,9,9,8,6,8,9,7,NG,NG,8,NG,NG,10,9,NG,8,NG,7,8,NG,8,NG,NG
312385,NG,NG,5,8,NG,NG,NG,6,6,6,NG,6,NG,6,6,6,4,NG,7,5,NG,NG,7,NG,NG,8,5,NG,5,NG,6,7,NG,5,NG,NG
312729,8,8,8,10,8,9,8,9,8,9,8,9,NG,10,9,9,7,8,9,8,8,9,9,9,NG,10,8,NG,8,9,7,8,NG,8,8,8
310338,NG,NG,NG,NG,NG,NG,NG,9,NG,7,NG,NG,NG,NG,8,NG,NG,NG,10,7,NG,NG,9,NG,NG,NG,NG,NG,8,NG,NG,8,NG,NG,NG,NG
312602,NG,NG,8,9,NG,NG,NG,8,7,7,NG,7,NG,8,7,8,7,8,8,8,NG,NG,7,NG,NG,7,8,NG,7,NG,7,6,NG,8,NG,NG
310359,NG,NG,NG,NG,NG,NG,NG,8,NG,9,NG,NG,NG,NG,7,NG,NG,NG,9,8,NG,NG,8,NG,NG,NG,NG,NG,7,NG,NG,8,NG,NG,NG,NG
312061,NG,NG,6,6,NG,NG,NG,5,5,NG,NG,6,NG,6,5,6,5,NG,8,6,NG,NG,6,NG,NG,6,NG,NG,6,NG,NG,6,NG,5,NG,NG
310588,NG,NG,NG,NG,NG,NG,NG,7,NG,7,NG,NG,NG,NG,6,NG,NG,NG,9,7,NG,NG,7,NG,NG,NG,NG,NG,7,NG,NG,8,NG,NG,NG,NG
311943,NG,NG,7,9,NG,NG,NG,7,8,8,NG,7,NG,7,6,7,5,8,9,6,NG,NG,9,NG,NG,9,7,NG,6,NG,7,9,NG,7,NG,NG
311737,NG,NG,4,7,NG,NG,NG,5,NG,NG,NG,4,NG,6,6,6,2,NG,5,4,NG,NG,NG,NG,NG,7,NG,NG,5,NG,4,5,NG,4,NG,NG
312111,NG,NG,8,8,NG,NG,NG,7,8,8,NG,8,NG,8,7,7,8,8,9,9,NG,NG,8,NG,NG,8,8,NG,8,NG,6,8,NG,8,NG,NG
312253,NG,NG,6,7,NG,NG,NG,6,6,7,NG,6,NG,6,7,7,4,6,7,6,NG,NG,8,NG,NG,8,7,NG,6,NG,7,7,NG,7,NG,NG
310201,NG,NG,NG,NG,NG,NG,NG,7,NG,10,NG,NG,NG,NG,6,NG,NG,NG,7,7,NG,NG,NG,NG,NG,NG,NG,NG,6,NG,NG,8,NG,NG,NG,NG
313684,6,6,6,7,NG,5,7,6,6,8,8,7,NG,6,8,8,5,5,6,6,5,7,6,7,NG,8,8,NG,6,6,6,6,NG,9,NG,7
313239,6,7,7,7,8,7,7,7,6,7,8,8,NG,8,8,9,6,7,7,7,6,7,7,8,NG,9,8,NG,6,8,7,7,NG,8,7,6
310488,NG,NG,NG,NG,NG,NG,NG,6,NG,7,NG,NG,NG,NG,7,NG,NG,NG,7,5,NG,NG,8,NG,NG,NG,NG,NG,6,NG,NG,7,NG,NG,NG,NG
313387,7,7,8,10,7,10,7,8,8,8,8,7,NG,9,7,7,7,8,10,7,8,9,9,7,NG,8,8,NG,8,8,8,9,NG,7,7,7
310966,NG,NG,NG,NG,NG,NG,NG,6,NG,7,NG,NG,NG,NG,4,NG,NG,NG,6,4,NG,NG,NG,NG,NG,NG,NG,NG,5,NG,NG,5,NG,NG,NG,NG
312627,NG,NG,6,8,NG,NG,NG,7,7,9,NG,7,NG,6,8,7,5,5,7,6,NG,NG,9,NG,NG,9,7,NG,6,NG,7,9,NG,8,NG,NG
312876,6,7,6,8,8,8,5,7,6,6,5,7,NG,8,7,8,5,8,8,7,6,8,6,7,NG,7,7,NG,7,9,6,6,NG,6,NG,8
310387,NG,NG,NG,NG,NG,NG,NG,7,NG,9,NG,NG,NG,NG,9,NG,NG,NG,8,7,NG,NG,9,NG,NG,NG,NG,NG,7,NG,NG,9,NG,NG,NG,NG
313319,6,NG,6,8,NG,6,NG,7,6,6,NG,6,NG,6,6,6,5,4,6,5,NG,6,6,5,NG,7,7,NG,6,NG,6,6,NG,6,NG,NG
312349,NG,NG,10,9,NG,NG,NG,9,8,9,NG,9,NG,10,8,8,9,9,10,10,NG,NG,7,NG,NG,9,10,NG,9,NG,7,7,NG,9,NG,NG
312858,5,NG,6,6,NG,6,NG,6,NG,6,NG,6,NG,7,6,6,5,5,6,7,NG,NG,NG,7,NG,6,6,NG,5,NG,4,4,NG,6,NG,NG
310193,NG,NG,NG,NG,NG,NG,NG,8,NG,7,NG,NG,NG,NG,7,NG,NG,NG,8,6,NG,NG,8,NG,NG,NG,NG,NG,6,NG,NG,7,NG,NG,NG,NG
312614,NG,NG,5,6,NG,NG,NG,5,NG,NG,NG,5,NG,6,5,5,3,NG,6,5,NG,NG,NG,NG,NG,6,NG,NG,4,NG,NG,4,NG,5,NG,NG
312450,NG,NG,7,8,NG,NG,NG,6,7,5,NG,6,NG,9,6,7,5,8,9,7,NG,NG,6,NG,NG,7,7,NG,7,NG,6,6,NG,6,NG,NG
313762,7,NG,6,9,NG,7,NG,6,7,6,NG,6,NG,7,7,7,4,6,6,4,NG,7,6,6,NG,8,7,NG,6,NG,6,6,NG,6,NG,NG
313735,5,NG,6,7,NG,8,NG,6,5,5,NG,6,NG,8,6,6,4,NG,9,6,NG,8,6,6,NG,6,6,NG,7,NG,6,6,NG,5,NG,NG
313703,6,NG,6,8,NG,8,NG,6,7,6,NG,5,NG,6,6,6,4,6,8,4,NG,7,8,6,NG,8,6,NG,6,NG,6,6,NG,6,NG,NG
312986,7,6,6,9,7,7,6,7,7,6,6,6,NG,7,8,7,4,6,7,6,5,8,7,7,NG,9,7,NG,6,8,7,7,NG,7,NG,7
311502,NG,NG,NG,NG,NG,NG,NG,10,NG,9,NG,NG,NG,NG,8,NG,NG,NG,10,7,NG,NG,10,NG,NG,NG,NG,NG,9,NG,NG,10,NG,NG,NG,NG
312988,8,9,9,8,10,8,8,8,7,8,10,9,NG,9,10,9,8,8,8,10,8,9,8,9,NG,9,10,NG,9,9,8,8,NG,10,8,8
310173,NG,NG,NG,NG,NG,NG,NG,8,NG,8,NG,NG,NG,NG,8,NG,NG,NG,10,10,NG,NG,7,NG,NG,NG,NG,NG,8,NG,NG,8,NG,NG,NG,NG
311254,NG,NG,NG,NG,NG,NG,NG,6,NG,7,NG,NG,NG,NG,5,NG,NG,NG,6,6,NG,NG,6,NG,NG,NG,NG,NG,5,NG,NG,6,NG,NG,NG,NG
313033,8,8,8,10,8,8,7,8,8,8,9,8,NG,8,9,9,6,8,8,7,6,9,9,8,NG,10,9,NG,8,10,8,8,NG,9,8,8
313201,9,9,8,10,NG,9,7,8,9,8,8,8,NG,9,8,9,7,9,10,8,8,9,9,8,NG,10,8,NG,8,9,8,8,NG,7,8,8
313741,8,8,8,8,9,8,7,7,6,7,7,8,NG,8,8,9,6,7,8,8,6,8,8,8,NG,8,8,NG,8,9,7,7,NG,8,7,7
311404,NG,NG,NG,NG,NG,NG,NG,8,NG,10,NG,NG,NG,NG,7,NG,NG,NG,8,7,NG,NG,8,NG,NG,NG,NG,NG,7,NG,NG,7,NG,NG,NG,NG
311425,NG,NG,NG,NG,NG,NG,NG,6,NG,7,NG,NG,NG,NG,6,NG,NG,NG,6,6,NG,NG,6,NG,NG,NG,NG,NG,5,NG,NG,6,NG,NG,NG,NG
312552,NG,NG,6,7,NG,NG,NG,6,6,6,NG,6,NG,7,4,NG,5,NG,8,6,NG,NG,5,NG,NG,5,4,NG,6,NG,NG,6,NG,4,NG,NG
310375,NG,NG,NG,NG,NG,NG,NG,4,NG,NG,NG,NG,NG,NG,5,NG,NG,NG,5,7,NG,NG,NG,NG,NG,NG,NG,NG,4,NG,NG,3,NG,NG,NG,NG
312911,6,6,7,7,7,7,7,7,6,8,7,7,NG,7,6,6,6,6,8,6,8,6,6,6,NG,6,7,NG,6,6,6,6,NG,6,5,5
311415,NG,NG,NG,NG,NG,NG,NG,6,NG,8,NG,NG,NG,NG,6,NG,NG,NG,9,8,NG,NG,8,NG,NG,NG,NG,NG,6,NG,NG,7,NG,NG,NG,NG
312493,NG,NG,6,6,NG,NG,NG,5,NG,NG,NG,5,NG,6,4,NG,4,NG,7,6,NG,NG,NG,NG,NG,5,NG,NG,6,NG,NG,5,NG,4,NG,NG
312995,4,NG,5,6,NG,5,NG,5,4,NG,NG,6,NG,5,6,6,4,5,6,6,NG,NG,6,6,NG,6,NG,NG,5,NG,5,6,NG,6,NG,NG
313448,6,6,7,9,7,7,7,7,7,7,8,7,NG,7,6,6,6,7,8,7,7,7,7,7,NG,7,8,NG,7,7,6,7,NG,7,6,6
311218,NG,NG,NG,NG,NG,NG,NG,6,NG,8,NG,NG,NG,NG,9,NG,NG,NG,7,6,NG,NG,9,NG,NG,NG,NG,NG,6,NG,NG,8,NG,NG,NG,NG
312439,NG,NG,8,7,NG,NG,NG,7,5,7,NG,7,NG,8,7,7,8,7,8,9,NG,NG,6,NG,NG,7,8,NG,7,NG,5,6,NG,8,NG,NG
310392,NG,NG,NG,NG,NG,NG,NG,5,NG,NG,NG,NG,NG,NG,7,NG,NG,NG,7,6,NG,NG,6,NG,NG,NG,NG,NG,5,NG,NG,7,NG,NG,NG,NG
310687,NG,NG,NG,NG,NG,NG,NG,7,NG,8,NG,NG,NG,NG,8,NG,NG,NG,8,8,NG,NG,8,NG,NG,NG,NG,NG,8,NG,NG,7,NG,NG,NG,NG
312405,NG,NG,7,6,NG,NG,NG,6,4,7,NG,7,NG,7,6,6,6,6,7,8,NG,NG,6,NG,NG,7,6,NG,6,NG,6,7,NG,7,NG,NG
310300,NG,NG,NG,NG,NG,NG,NG,8,NG,7,NG,NG,NG,NG,7,NG,NG,NG,9,8,NG,NG,7,NG,NG,NG,NG,NG,8,NG,NG,6,NG,NG,NG,NG
311944,NG,NG,7,8,NG,NG,NG,7,NG,5,NG,6,NG,8,7,7,5,8,8,7,NG,NG,NG,NG,NG,8,7,NG,6,NG,5,5,NG,6,NG,NG
313459,6,7,8,7,9,7,7,8,6,8,8,8,NG,7,8,7,7,6,7,8,7,8,6,8,NG,7,8,NG,7,7,6,7,NG,9,6,7
311764,NG,NG,6,8,NG,NG,NG,7,6,8,NG,7,NG,7,9,9,6,6,7,7,NG,NG,8,NG,NG,9,9,NG,6,NG,8,7,NG,9,NG,NG
310089,NG,NG,NG,NG,NG,NG,NG,6,NG,7,NG,NG,NG,NG,5,NG,NG,NG,7,6,NG,NG,7,NG,NG,NG,NG,NG,6,NG,NG,7,NG,NG,NG,NG
312344,NG,NG,4,6,NG,NG,NG,5,4,NG,NG,5,NG,6,7,7,3,5,6,4,NG,NG,6,NG,NG,8,NG,NG,4,NG,6,6,NG,6,NG,NG
311726,NG,NG,7,8,NG,NG,NG,7,8,8,NG,7,NG,7,7,6,5,6,7,7,NG,NG,8,NG,NG,8,8,NG,6,NG,6,7,NG,8,NG,NG
310933,NG,NG,NG,NG,NG,NG,NG,6,NG,5,NG,NG,NG,NG,7,NG,NG,NG,7,6,NG,NG,7,NG,NG,NG,NG,NG,6,NG,NG,6,NG,NG,NG,NG
312360,NG,NG,8,10,NG,NG,NG,8,8,7,NG,7,NG,9,8,9,5,8,9,6,NG,NG,8,NG,NG,10,9,NG,7,NG,7,8,NG,7,NG,NG
313063,5,NG,5,7,NG,5,NG,6,6,8,NG,6,NG,5,7,6,4,6,6,4,NG,NG,8,6,NG,8,6,NG,5,NG,7,8,NG,7,NG,NG
312151,NG,NG,7,8,NG,NG,NG,7,6,9,NG,7,NG,6,7,7,6,6,6,7,NG,NG,7,NG,NG,8,8,NG,6,NG,7,6,NG,8,NG,NG
311450,NG,NG,NG,NG,NG,NG,NG,7,NG,7,NG,NG,NG,NG,5,NG,NG,NG,9,7,NG,NG,7,NG,NG,NG,NG,NG,7,NG,NG,8,NG,NG,NG,NG
311552,NG,NG,7,8,NG,NG,NG,6,NG,6,NG,6,NG,7,6,6,5,6,7,6,NG,NG,NG,NG,NG,7,8,NG,6,NG,4,5,NG,6,NG,NG
312570,NG,NG,7,9,NG,NG,NG,7,8,9,NG,7,NG,6,8,8,6,6,8,7,NG,NG,8,NG,NG,9,9,NG,6,NG,8,9,NG,8,NG,NG
310727,NG,NG,NG,NG,NG,NG,NG,9,NG,10,NG,NG,NG,NG,8,NG,NG,NG,9,9,NG,NG,10,NG,NG,NG,NG,NG,8,NG,NG,9,NG,NG,NG,NG
313290,7,7,7,8,8,6,8,7,6,9,8,9,NG,8,9,9,7,7,8,8,7,8,8,8,NG,10,8,NG,7,8,8,8,NG,9,8,7
313255,5,NG,6,6,NG,6,NG,6,4,6,NG,6,NG,7,6,6,5,6,7,7,NG,7,5,6,NG,6,6,NG,6,NG,5,6,NG,6,NG,NG
312030,NG,NG,9,10,NG,NG,NG,9,10,7,NG,7,NG,9,8,8,7,9,10,7,NG,NG,8,NG,NG,9,8,NG,9,NG,8,8,NG,7,NG,NG
310624,NG,NG,NG,NG,NG,NG,NG,7,NG,7,NG,NG,NG,NG,8,NG,NG,NG,9,8,NG,NG,7,NG,NG,NG,NG,NG,6,NG,NG,7,NG,NG,NG,NG
312840,5,NG,6,6,NG,6,NG,6,NG,5,NG,6,NG,6,4,NG,6,NG,7,6,NG,7,NG,5,NG,5,6,NG,6,NG,NG,4,NG,5,NG,NG
311362,NG,NG,NG,NG,NG,NG,NG,7,NG,8,NG,NG,NG,NG,6,NG,NG,NG,9,7,NG,NG,8,NG,NG,NG,NG,NG,6,NG,NG,8,NG,NG,NG,NG
311957,NG,NG,7,7,NG,NG,NG,6,5,7,NG,7,NG,6,7,7,6,5,7,8,NG,NG,6,NG,NG,7,NG,NG,6,NG,6,6,NG,8,NG,NG
311437,NG,NG,NG,NG,NG,NG,NG,6,NG,5,NG,NG,NG,NG,6,NG,NG,NG,7,6,NG,NG,NG,NG,NG,NG,NG,NG,6,NG,NG,4,NG,NG,NG,NG
310322,NG,NG,NG,NG,NG,NG,NG,8,NG,8,NG,NG,NG,NG,7,NG,NG,NG,9,9,NG,NG,7,NG,NG,NG,NG,NG,7,NG,NG,7,NG,NG,NG,NG
312133,NG,NG,6,7,NG,NG,NG,6,5,8,NG,7,NG,6,9,8,5,6,6,6,NG,NG,7,NG,NG,9,8,NG,5,NG,7,7,NG,9,NG,NG
310378,NG,NG,NG,NG,NG,NG,NG,8,NG,10,NG,NG,NG,NG,8,NG,NG,NG,10,9,NG,NG,10,NG,NG,NG,NG,NG,9,NG,NG,10,NG,NG,NG,NG
312497,NG,NG,6,7,NG,NG,NG,6,6,8,NG,7,NG,6,6,5,4,4,6,6,NG,NG,7,NG,NG,8,7,NG,5,NG,6,6,NG,7,NG,NG
311874,NG,NG,8,7,NG,NG,NG,6,NG,6,NG,6,NG,7,5,NG,6,5,7,8,NG,NG,NG,NG,NG,5,7,NG,6,NG,NG,4,NG,6,NG,NG
311342,NG,NG,NG,NG,NG,NG,NG,7,NG,8,NG,NG,NG,NG,6,NG,NG,NG,8,6,NG,NG,7,NG,NG,NG,NG,NG,6,NG,NG,7,NG,NG,NG,NG
311295,NG,NG,NG,NG,NG,NG,NG,7,NG,6,NG,NG,NG,NG,8,NG,NG,NG,9,8,NG,NG,7,NG,NG,NG,NG,NG,8,NG,NG,7,NG,NG,NG,NG
311623,NG,NG,9,10,NG,NG,NG,9,9,8,NG,8,NG,9,6,6,7,8,10,8,NG,NG,8,NG,NG,8,8,NG,8,NG,7,9,NG,6,NG,NG
312633,NG,NG,7,7,NG,NG,NG,6,7,6,NG,6,NG,6,5,5,5,6,8,6,NG,NG,6,NG,NG,6,6,NG,6,NG,NG,6,NG,6,NG,NG
312365,NG,NG,8,8,NG,NG,NG,7,7,9,NG,7,NG,7,8,8,6,5,7,8,NG,NG,8,NG,NG,9,9,NG,6,NG,8,7,NG,9,NG,NG
313681,8,6,8,8,9,7,8,8,8,9,8,6,NG,7,7,7,6,6,7,7,7,8,7,7,NG,8,9,NG,7,7,6,6,NG,8,6,9
311436,NG,NG,NG,NG,NG,NG,NG,8,NG,8,NG,NG,NG,NG,8,NG,NG,NG,8,7,NG,NG,8,NG,NG,NG,NG,NG,7,NG,NG,7,NG,NG,NG,NG
312809,6,7,8,8,7,9,8,7,7,8,8,8,NG,8,7,6,7,8,9,8,7,7,8,7,NG,8,7,NG,7,8,7,8,NG,7,7,6
310480,NG,NG,NG,NG,NG,NG,NG,8,NG,8,NG,NG,NG,NG,7,NG,NG,NG,7,6,NG,NG,8,NG,NG,NG,NG,NG,5,NG,NG,6,NG,NG,NG,NG
313301,4,NG,4,5,NG,6,NG,4,NG,NG,NG,NG,NG,6,5,6,4,NG,6,6,NG,NG,NG,6,NG,6,NG,NG,4,NG,NG,5,NG,5,NG,NG
310614,NG,NG,NG,NG,NG,NG,NG,6,NG,7,NG,NG,NG,NG,7,NG,NG,NG,10,7,NG,NG,7,NG,NG,NG,NG,NG,6,NG,NG,8,NG,NG,NG,NG
312006,NG,NG,7,7,NG,NG,NG,7,6,8,NG,8,NG,7,8,7,6,7,8,7,NG,NG,8,NG,NG,8,8,NG,6,NG,7,9,NG,8,NG,NG
313483,5,NG,6,7,NG,7,NG,6,6,5,NG,6,NG,7,6,6,4,6,8,6,NG,7,6,6,NG,7,6,NG,6,NG,6,6,NG,6,NG,NG
312810,7,8,9,9,8,9,8,8,8,8,8,8,NG,9,6,6,8,8,10,8,9,9,7,8,NG,7,7,NG,8,8,6,8,NG,7,7,7
311286,NG,NG,NG,NG,NG,NG,NG,8,NG,7,NG,NG,NG,NG,8,NG,NG,NG,10,9,NG,NG,8,NG,NG,NG,NG,NG,8,NG,NG,8,NG,NG,NG,NG
311385,NG,NG,NG,NG,NG,NG,NG,8,NG,8,NG,NG,NG,NG,9,NG,NG,NG,9,7,NG,NG,9,NG,NG,NG,NG,NG,7,NG,NG,9,NG,NG,NG,NG
310702,NG,NG,NG,NG,NG,NG,NG,5,NG,NG,NG,NG,NG,NG,5,NG,NG,NG,6,6,NG,NG,NG,NG,NG,NG,NG,NG,6,NG,NG,4,NG,NG,NG,NG
313002,7,7,7,9,7,7,9,8,8,10,10,9,NG,8,9,8,8,7,8,8,8,7,10,9,NG,10,9,NG,7,6,8,9,NG,10,9,7
310114,NG,NG,NG,NG,NG,NG,NG,6,NG,5,NG,NG,NG,NG,5,NG,NG,NG,8,8,NG,NG,NG,NG,NG,NG,NG,NG,7,NG,NG,4,NG,NG,NG,NG
311374,NG,NG,NG,NG,NG,NG,NG,7,NG,5,NG,NG,NG,NG,6,NG,NG,NG,8,6,NG,NG,6,NG,NG,NG,NG,NG,6,NG,NG,6,NG,NG,NG,NG
311710,NG,NG,7,7,NG,NG,NG,6,6,6,NG,6,NG,7,4,NG,6,NG,8,7,NG,NG,5,NG,NG,5,6,NG,7,NG,NG,6,NG,5,NG,NG
310646,NG,NG,NG,NG,NG,NG,NG,5,NG,NG,NG,NG,NG,NG,6,NG,NG,NG,7,8,NG,NG,NG,NG,NG,NG,NG,NG,5,NG,NG,5,NG,NG,NG,NG
312271,NG,NG,6,6,NG,NG,NG,5,5,NG,NG,6,NG,5,6,5,4,4,5,6,NG,NG,6,NG,NG,7,NG,NG,4,NG,5,6,NG,7,NG,NG
311964,NG,NG,NG,10,NG,NG,NG,7,8,8,NG,6,NG,7,6,7,5,6,7,5,NG,NG,7,NG,NG,8,8,NG,7,NG,6,7,NG,7,NG,NG
310240,NG,NG,NG,NG,NG,NG,NG,6,NG,9,NG,NG,NG,NG,7,NG,NG,NG,7,7,NG,NG,7,NG,NG,NG,NG,NG,6,NG,NG,7,NG,NG,NG,NG
312353,NG,NG,8,9,NG,NG,NG,8,8,8,NG,9,NG,8,9,9,7,8,9,8,NG,NG,9,NG,NG,10,9,NG,8,NG,8,8,NG,8,NG,NG
312491,NG,NG,7,9,NG,NG,NG,7,8,7,NG,7,NG,7,7,7,5,6,8,6,NG,NG,7,NG,NG,8,7,NG,6,NG,6,7,NG,6,NG,NG
312758,8,NG,9,8,NG,9,NG,7,6,7,NG,8,NG,9,6,7,8,7,8,9,NG,8,5,6,NG,6,8,NG,7,NG,4,6,NG,7,NG,NG
310851,NG,NG,NG,NG,NG,NG,NG,5,NG,NG,NG,NG,NG,NG,7,NG,NG,NG,7,5,NG,NG,7,NG,NG,NG,NG,NG,6,NG,NG,7,NG,NG,NG,NG
312852,6,7,8,7,8,7,7,6,6,8,8,8,NG,7,6,6,7,7,8,8,8,7,6,7,NG,7,7,NG,7,6,5,6,NG,7,6,5
312020,NG,NG,9,9,NG,NG,NG,8,7,8,NG,8,NG,8,7,7,7,8,10,8,NG,NG,7,NG,NG,8,8,NG,8,NG,7,7,NG,7,NG,NG
313300,7,8,7,9,9,9,7,8,7,6,6,7,NG,8,8,10,6,8,9,7,6,8,8,8,NG,9,8,NG,7,10,7,8,NG,7,7,8
311222,NG,NG,NG,NG,NG,NG,NG,7,NG,6,NG,NG,NG,NG,7,NG,NG,NG,7,7,NG,NG,6,NG,NG,NG,NG,NG,6,NG,NG,6,NG,NG,NG,NG
312402,NG,NG,5,7,NG,NG,NG,6,6,7,NG,6,NG,6,6,6,4,5,6,5,NG,NG,8,NG,NG,9,6,NG,4,NG,6,7,NG,7,NG,NG
312338,NG,NG,7,8,NG,NG,NG,8,8,10,NG,8,NG,7,8,8,6,6,8,8,NG,NG,9,NG,NG,9,9,NG,7,NG,8,8,NG,9,NG,NG
310672,NG,NG,NG,NG,NG,NG,NG,9,NG,9,NG,NG,NG,NG,9,NG,NG,NG,9,7,NG,NG,10,NG,NG,NG,NG,NG,8,NG,NG,8,NG,NG,NG,NG
312521,NG,NG,8,8,NG,NG,NG,7,NG,6,NG,6,NG,7,6,7,6,6,7,7,NG,NG,NG,NG,NG,7,8,NG,6,NG,6,5,NG,8,NG,NG
311112,NG,NG,NG,NG,NG,NG,NG,8,NG,9,NG,NG,NG,NG,10,NG,NG,NG,8,8,NG,NG,10,NG,NG,NG,NG,NG,8,NG,NG,10,NG,NG,NG,NG
312192,NG,NG,6,8,NG,NG,NG,6,7,8,NG,6,NG,7,6,6,5,6,7,6,NG,NG,8,NG,NG,8,7,NG,6,NG,7,7,NG,7,NG,NG
312743,9,7,8,10,9,9,8,8,8,8,8,7,NG,8,8,8,6,7,8,7,7,9,7,7,NG,9,9,NG,7,9,7,7,NG,8,7,8
313606,6,6,6,8,5,6,8,7,7,9,8,7,NG,6,7,7,5,7,8,6,5,6,9,7,NG,9,7,NG,6,6,8,9,NG,8,NG,5
313796,6,NG,5,7,NG,5,NG,6,NG,6,NG,5,NG,5,6,5,4,4,5,5,NG,NG,NG,5,NG,6,7,NG,5,NG,5,5,NG,6,NG,NG
312561,NG,NG,8,6,NG,NG,NG,6,4,7,NG,8,NG,8,8,8,7,7,7,8,NG,NG,5,NG,NG,7,8,NG,6,NG,6,6,NG,8,NG,NG
310683,NG,NG,NG,NG,NG,NG,NG,7,NG,7,NG,NG,NG,NG,8,NG,NG,NG,8,9,NG,NG,6,NG,NG,NG,NG,NG,8,NG,NG,7,NG,NG,NG,NG
310186,NG,NG,NG,NG,NG,NG,NG,6,NG,4,NG,NG,NG,NG,4,NG,NG,NG,7,4,NG,NG,NG,NG,NG,NG,NG,NG,5,NG,NG,5,NG,NG,NG,NG
312699,NG,NG,8,9,NG,NG,NG,8,8,7,NG,7,NG,9,7,8,7,9,10,8,NG,NG,8,NG,NG,8,8,NG,8,NG,7,8,NG,7,NG,NG
312091,NG,NG,5,7,NG,NG,NG,5,5,NG,NG,5,NG,6,6,6,3,NG,6,5,NG,NG,6,NG,NG,6,NG,NG,5,NG,5,6,NG,5,NG,NG
313085,8,10,9,10,8,10,8,9,9,9,8,10,NG,10,8,8,8,10,10,9,9,10,10,9,NG,9,8,NG,9,10,8,10,NG,8,8,8
311634,NG,NG,6,7,NG,NG,NG,6,7,7,NG,6,NG,6,6,5,5,6,7,6,NG,NG,7,NG,NG,6,7,NG,6,NG,6,7,NG,6,NG,NG
310693,NG,NG,NG,NG,NG,NG,NG,7,NG,7,NG,NG,NG,NG,9,NG,NG,NG,9,8,NG,NG,8,NG,NG,NG,NG,NG,7,NG,NG,9,NG,NG,NG,NG
310350,NG,NG,NG,NG,NG,NG,NG,8,NG,8,NG,NG,NG,NG,8,NG,NG,NG,8,7,NG,NG,8,NG,NG,NG,NG,NG,7,NG,NG,7,NG,NG,NG,NG
313251,8,9,9,9,7,10,8,8,8,9,8,8,NG,9,8,8,8,10,10,9,9,9,9,8,NG,8,8,NG,8,9,8,10,NG,7,8,7
312675,NG,NG,8,10,NG,NG,NG,9,9,10,NG,9,NG,8,8,8,7,8,9,8,NG,NG,10,NG,NG,10,9,NG,8,NG,9,10,NG,9,NG,NG
313500,6,5,6,9,5,8,8,7,7,8,7,6,NG,7,6,6,4,6,8,6,7,7,8,6,NG,8,7,NG,6,NG,6,7,NG,6,NG,NG
312837,8,8,9,10,9,10,9,9,10,8,9,8,NG,9,8,8,7,9,10,8,8,9,9,8,NG,9,9,NG,8,9,7,8,NG,8,7,8
313609,7,8,7,7,10,7,7,7,6,7,7,8,NG,8,8,9,6,8,9,8,7,8,7,8,NG,8,8,NG,8,9,7,7,NG,8,7,8
311827,NG,NG,7,7,NG,NG,NG,6,6,6,NG,6,NG,6,4,NG,6,NG,8,6,NG,NG,5,NG,NG,5,6,NG,6,NG,NG,6,NG,4,NG,NG
310541,NG,NG,NG,NG,NG,NG,NG,7,NG,9,NG,NG,NG,NG,8,NG,NG,NG,6,7,NG,NG,7,NG,NG,NG,NG,NG,5,NG,NG,7,NG,NG,NG,NG
312486,NG,NG,6,7,NG,NG,NG,6,5,7,NG,7,NG,8,6,6,6,8,9,7,NG,NG,7,NG,NG,7,5,NG,7,NG,6,8,NG,6,NG,NG
312451,NG,NG,7,8,NG,NG,NG,7,7,8,NG,6,NG,6,6,6,5,5,6,6,NG,NG,8,NG,NG,8,8,NG,6,NG,6,7,NG,7,NG,NG
313060,7,8,8,8,9,8,9,7,7,9,10,8,NG,8,8,8,8,7,8,9,8,7,8,7,NG,9,9,NG,7,6,7,8,NG,9,8,7
312811,5,NG,5,6,NG,5,NG,6,4,6,NG,6,NG,6,7,6,4,4,5,6,NG,NG,7,6,NG,8,7,NG,4,NG,6,6,NG,7,NG,NG
313545,8,9,9,9,10,10,7,8,7,6,7,8,NG,10,8,8,7,9,10,8,7,10,7,8,NG,8,9,NG,8,10,7,8,NG,7,7,8
311542,NG,NG,NG,NG,NG,NG,NG,5,NG,NG,NG,NG,NG,NG,7,NG,NG,NG,7,6,NG,NG,5,NG,NG,NG,NG,NG,6,NG,NG,6,NG,NG,NG,NG
311001,NG,NG,NG,NG,NG,NG,NG,6,NG,6,NG,NG,NG,NG,5,NG,NG,NG,8,6,NG,NG,6,NG,NG,NG,NG,NG,6,NG,NG,6,NG,NG,NG,NG
311046,NG,NG,NG,NG,NG,NG,NG,6,NG,6,NG,NG,NG,NG,7,NG,NG,NG,6,5,NG,NG,7,NG,NG,NG,NG,NG,5,NG,NG,7,NG,NG,NG,NG
311833,NG,NG,8,9,NG,NG,NG,8,8,8,NG,7,NG,8,6,7,6,8,10,8,NG,NG,8,NG,NG,8,7,NG,7,NG,7,9,NG,7,NG,NG
311358,NG,NG,NG,NG,NG,NG,NG,6,NG,7,NG,NG,NG,NG,7,NG,NG,NG,9,7,NG,NG,7,NG,NG,NG,NG,NG,7,NG,NG,8,NG,NG,NG,NG
311468,NG,NG,NG,NG,NG,NG,NG,8,NG,9,NG,NG,NG,NG,10,NG,NG,NG,9,9,NG,NG,10,NG,NG,NG,NG,NG,8,NG,NG,9,NG,NG,NG,NG
311671,NG,NG,7,8,NG,NG,NG,7,7,9,NG,8,NG,8,8,9,6,7,7,8,NG,NG,8,NG,NG,9,9,NG,6,NG,8,8,NG,9,NG,NG
311306,NG,NG,NG,NG,NG,NG,NG,6,NG,8,NG,NG,NG,NG,8,NG,NG,NG,7,8,NG,NG,7,NG,NG,NG,NG,NG,6,NG,NG,7,NG,NG,NG,NG
310055,NG,NG,NG,NG,NG,NG,NG,8,NG,6,NG,NG,NG,NG,6,NG,NG,NG,9,6,NG,NG,7,NG,NG,NG,NG,NG,7,NG,NG,8,NG,NG,NG,NG
311526,NG,NG,NG,NG,NG,NG,NG,7,NG,7,NG,NG,NG,NG,7,NG,NG,NG,7,7,NG,NG,7,NG,NG,NG,NG,NG,7,NG,NG,7,NG,NG,NG,NG
313272,8,7,8,9,9,9,8,8,8,8,8,9,NG,8,9,9,6,7,8,8,7,9,7,8,NG,9,9,NG,8,9,8,7,NG,9,8,9
312277,NG,NG,7,8,NG,NG,NG,7,7,6,NG,6,NG,8,7,7,5,NG,9,6,NG,NG,6,NG,NG,7,7,NG,7,NG,6,6,NG,6,NG,NG
313487,8,9,7,9,9,8,8,8,8,8,9,8,NG,9,10,10,7,9,9,9,7,8,9,9,NG,10,9,NG,8,9,9,9,NG,10,9,8
313589,9,7,9,10,9,9,8,9,9,9,9,8,NG,9,9,9,7,8,9,7,8,10,9,9,NG,10,10,NG,9,10,8,8,NG,9,8,10
311927,NG,NG,6,6,NG,NG,NG,6,5,8,NG,7,NG,6,6,6,5,5,6,6,NG,NG,7,NG,NG,7,7,NG,5,NG,7,7,NG,8,NG,NG
310573,NG,NG,NG,NG,NG,NG,NG,7,NG,10,NG,NG,NG,NG,9,NG,NG,NG,8,8,NG,NG,10,NG,NG,NG,NG,NG,7,NG,NG,9,NG,NG,NG,NG
310918,NG,NG,NG,NG,NG,NG,NG,7,NG,8,NG,NG,NG,NG,9,NG,NG,NG,9,8,NG,NG,9,NG,NG,NG,NG,NG,7,NG,NG,9,NG,NG,NG,NG
311298,NG,NG,NG,NG,NG,NG,NG,9,NG,8,NG,NG,NG,NG,8,NG,NG,NG,10,10,NG,NG,7,NG,NG,NG,NG,NG,9,NG,NG,8,NG,NG,NG,NG
311735,NG,NG,9,8,NG,NG,NG,8,6,10,NG,9,NG,9,8,9,8,8,9,10,NG,NG,8,NG,NG,8,9,NG,8,NG,7,8,NG,9,NG,NG
311929,NG,NG,7,9,NG,NG,NG,7,7,6,NG,6,NG,7,6,7,5,7,8,6,NG,NG,7,NG,NG,7,7,NG,7,NG,6,7,NG,6,NG,NG
311659,NG,NG,8,8,NG,NG,NG,8,7,8,NG,8,NG,8,8,9,7,8,8,8,NG,NG,7,NG,NG,9,8,NG,8,NG,7,7,NG,8,NG,NG
310412,NG,NG,NG,NG,NG,NG,NG,6,NG,6,NG,NG,NG,NG,6,NG,NG,NG,7,8,NG,NG,NG,NG,NG,NG,NG,NG,6,NG,NG,5,NG,NG,NG,NG
313073,5,6,7,6,7,6,7,6,5,7,8,7,NG,6,6,6,6,7,7,8,7,6,6,6,NG,7,7,NG,6,6,6,6,NG,7,6,5
313389,5,NG,6,5,NG,6,NG,4,NG,NG,NG,NG,NG,6,4,NG,4,NG,6,6,NG,NG,NG,5,NG,4,NG,NG,5,NG,NG,3,NG,5,NG,NG
312396,NG,NG,9,9,NG,NG,NG,8,7,9,NG,9,NG,8,9,9,8,7,8,9,NG,NG,8,NG,NG,10,10,NG,8,NG,8,8,NG,10,NG,NG
312830,8,5,8,9,8,8,NG,8,8,8,8,7,NG,8,7,7,6,6,6,7,7,8,7,6,NG,9,9,NG,7,NG,7,6,NG,8,6,8
312250,NG,NG,5,8,NG,NG,NG,7,7,8,NG,7,NG,7,9,7,5,6,7,6,NG,NG,9,NG,NG,10,7,NG,6,NG,8,8,NG,8,NG,NG
313040,5,NG,6,7,NG,7,NG,6,6,6,NG,6,NG,6,4,5,5,NG,7,6,NG,6,5,5,NG,6,5,NG,6,NG,NG,6,NG,5,NG,NG
313528,6,NG,6,7,NG,7,NG,6,NG,6,NG,6,NG,6,6,6,5,6,7,6,NG,7,NG,6,NG,6,6,NG,6,NG,4,5,NG,6,NG,NG
313424,4,NG,6,5,NG,5,NG,4,NG,NG,NG,NG,NG,6,4,NG,5,NG,6,7,NG,NG,NG,5,NG,4,NG,NG,4,NG,NG,3,NG,6,NG,NG
313105,7,8,8,9,8,9,8,7,7,7,7,7,NG,9,6,7,7,8,9,8,8,8,7,7,NG,7,7,NG,8,9,6,7,NG,7,6,6
311422,NG,NG,NG,NG,NG,NG,NG,7,NG,8,NG,NG,NG,NG,7,NG,NG,NG,6,8,NG,NG,NG,NG,NG,NG,NG,NG,6,NG,NG,5,NG,NG,NG,NG
310176,NG,NG,NG,NG,NG,NG,NG,5,NG,NG,NG,NG,NG,NG,4,NG,NG,NG,5,5,NG,NG,NG,NG,NG,NG,NG,NG,4,NG,NG,3,NG,NG,NG,NG
310035,NG,NG,NG,NG,NG,NG,NG,7,NG,9,NG,NG,NG,NG,7,NG,NG,NG,9,9,NG,NG,7,NG,NG,NG,NG,NG,8,NG,NG,8,NG,NG,NG,NG
311607,NG,NG,7,8,NG,NG,NG,7,7,9,NG,9,NG,7,9,8,6,6,7,8,NG,NG,8,NG,NG,9,8,NG,6,NG,8,8,NG,10,NG,NG
310184,NG,NG,NG,NG,NG,NG,NG,5,NG,NG,NG,NG,NG,NG,5,NG,NG,NG,7,6,NG,NG,NG,NG,NG,NG,NG,NG,6,NG,NG,5,NG,NG,NG,NG
311294,NG,NG,NG,NG,NG,NG,NG,7,NG,8,NG,NG,NG,NG,8,NG,NG,NG,8,8,NG,NG,7,NG,NG,NG,NG,NG,7,NG,NG,7,NG,NG,NG,NG
313342,7,NG,8,8,NG,8,NG,7,NG,6,NG,8,NG,9,7,8,7,7,8,9,NG,9,NG,7,NG,7,9,NG,7,NG,5,5,NG,8,NG,NG
311432,NG,NG,NG,NG,NG,NG,NG,9,NG,10,NG,NG,NG,NG,8,NG,NG,NG,9,8,NG,NG,10,NG,NG,NG,NG,NG,8,NG,NG,8,NG,NG,NG,NG
313266,8,9,9,9,10,10,7,8,7,7,7,8,NG,10,8,8,7,8,9,8,8,10,6,8,NG,8,9,NG,9,10,6,7,NG,8,6,9
312443,NG,NG,8,7,NG,NG,NG,7,5,7,NG,8,NG,9,9,9,7,8,8,9,NG,NG,7,NG,NG,9,8,NG,7,NG,7,7,NG,9,NG,NG
310145,NG,NG,NG,NG,NG,NG,NG,5,NG,NG,NG,NG,NG,NG,5,NG,NG,NG,6,4,NG,NG,NG,NG,NG,NG,NG,NG,5,NG,NG,5,NG,NG,NG,NG
311234,NG,NG,NG,NG,NG,NG,NG,6,NG,7,NG,NG,NG,NG,8,NG,NG,NG,5,7,NG,NG,6,NG,NG,NG,NG,NG,4,NG,NG,6,NG,NG,NG,NG
311930,NG,NG,6,6,NG,NG,NG,6,6,7,NG,7,NG,7,6,5,6,7,9,6,NG,NG,6,NG,NG,6,5,NG,6,NG,6,7,NG,6,NG,NG
310039,NG,NG,NG,NG,NG,NG,NG,6,NG,7,NG,NG,NG,NG,7,NG,NG,NG,5,6,NG,NG,NG,NG,NG,NG,NG,NG,5,NG,NG,5,NG,NG,NG,NG
311955,NG,NG,6,8,NG,NG,NG,6,NG,7,NG,6,NG,6,6,7,4,5,6,6,NG,NG,NG,NG,NG,8,8,NG,5,NG,6,5,NG,7,NG,NG
311854,NG,NG,9,8,NG,NG,NG,8,7,9,NG,8,NG,8,7,8,7,8,9,8,NG,NG,7,NG,NG,8,8,NG,7,NG,8,8,NG,8,NG,NG
313602,6,NG,7,6,NG,7,NG,6,NG,4,NG,6,NG,7,6,NG,6,6,7,7,NG,7,NG,6,NG,5,7,NG,6,NG,3,3,NG,6,NG,NG
310175,NG,NG,NG,NG,NG,NG,NG,7,NG,7,NG,NG,NG,NG,9,NG,NG,NG,8,7,NG,NG,7,NG,NG,NG,NG,NG,7,NG,NG,8,NG,NG,NG,NG
310355,NG,NG,NG,NG,NG,NG,NG,9,NG,8,NG,NG,NG,NG,9,NG,NG,NG,8,8,NG,NG,9,NG,NG,NG,NG,NG,8,NG,NG,8,NG,NG,NG,NG
310648,NG,NG,NG,NG,NG,NG,NG,6,NG,7,NG,NG,NG,NG,6,NG,NG,NG,8,7,NG,NG,6,NG,NG,NG,NG,NG,6,NG,NG,6,NG,NG,NG,NG
313280,6,6,7,7,7,6,8,6,6,9,10,8,NG,6,9,8,7,6,6,7,7,6,7,7,NG,9,9,NG,6,6,7,7,NG,9,7,6
310787,NG,NG,NG,NG,NG,NG,NG,6,NG,6,NG,NG,NG,NG,6,NG,NG,NG,7,5,NG,NG,7,NG,NG,NG,NG,NG,5,NG,NG,6,NG,NG,NG,NG
313209,7,5,7,8,7,7,8,7,7,8,8,6,NG,7,7,7,5,6,6,6,6,7,7,6,NG,8,8,NG,6,NG,7,6,NG,8,NG,7
312283,NG,NG,8,8,NG,NG,NG,8,7,7,NG,8,NG,9,8,8,6,9,10,8,NG,NG,8,NG,NG,8,7,NG,8,NG,7,8,NG,7,NG,NG
310985,NG,NG,NG,NG,NG,NG,NG,9,NG,9,NG,NG,NG,NG,9,NG,NG,NG,10,7,NG,NG,10,NG,NG,NG,NG,NG,8,NG,NG,9,NG,NG,NG,NG
311411,NG,NG,NG,NG,NG,NG,NG,8,NG,8,NG,NG,NG,NG,9,NG,NG,NG,7,7,NG,NG,8,NG,NG,NG,NG,NG,7,NG,NG,7,NG,NG,NG,NG
310781,NG,NG,NG,NG,NG,NG,NG,8,NG,7,NG,NG,NG,NG,8,NG,NG,NG,9,8,NG,NG,7,NG,NG,NG,NG,NG,8,NG,NG,8,NG,NG,NG,NG
310629,NG,NG,NG,NG,NG,NG,NG,7,NG,7,NG,NG,NG,NG,8,NG,NG,NG,8,6,NG,NG,7,NG,NG,NG,NG,NG,7,NG,NG,7,NG,NG,NG,NG
311687,NG,NG,9,9,NG,NG,NG,8,8,8,NG,8,NG,8,6,7,8,7,9,9,NG,NG,7,NG,NG,8,8,NG,8,NG,7,7,NG,7,NG,NG
310891,NG,NG,NG,NG,NG,NG,NG,7,NG,8,NG,NG,NG,NG,8,NG,NG,NG,8,8,NG,NG,7,NG,NG,NG,NG,NG,7,NG,NG,7,NG,NG,NG,NG
310721,NG,NG,NG,NG,NG,NG,NG,6,NG,6,NG,NG,NG,NG,7,NG,NG,NG,8,6,NG,NG,7,NG,NG,NG,NG,NG,5,NG,NG,7,NG,NG,NG,NG
311800,NG,NG,8,6,NG,NG,NG,6,NG,7,NG,7,NG,8,7,7,7,7,7,8,NG,NG,NG,NG,NG,6,7,NG,6,NG,5,5,NG,8,NG,NG
312015,NG,NG,6,8,NG,NG,NG,7,NG,5,NG,6,NG,7,6,7,5,7,7,6,NG,NG,NG,NG,NG,6,NG,NG,7,NG,5,5,NG,6,NG,NG
310677,NG,NG,NG,NG,NG,NG,NG,6,NG,7,NG,NG,NG,NG,9,NG,NG,NG,6,7,NG,NG,7,NG,NG,NG,NG,NG,6,NG,NG,7,NG,NG,NG,NG
310335,NG,NG,NG,NG,NG,NG,NG,6,NG,6,NG,NG,NG,NG,7,NG,NG,NG,7,5,NG,NG,7,NG,NG,NG,NG,NG,6,NG,NG,6,NG,NG,NG,NG
310368,NG,NG,NG,NG,NG,NG,NG,7,NG,6,NG,NG,NG,NG,6,NG,NG,NG,9,7,NG,NG,5,NG,NG,NG,NG,NG,7,NG,NG,6,NG,NG,NG,NG
313625,9,7,8,10,7,8,9,9,9,10,10,8,NG,7,9,8,7,7,9,8,7,8,9,8,NG,10,9,NG,7,8,8,8,NG,9,8,8
311680,NG,NG,10,10,NG,NG,NG,9,8,8,NG,8,NG,9,7,8,NG,7,9,8,NG,NG,7,NG,NG,9,10,NG,8,NG,7,7,NG,8,NG,NG
313505,6,NG,6,6,NG,7,NG,6,4,4,NG,6,NG,7,7,7,6,7,7,7,NG,7,6,7,NG,6,6,NG,6,NG,5,6,NG,7,NG,NG
310971,NG,NG,NG,NG,NG,NG,NG,6,NG,4,NG,NG,NG,NG,5,NG,NG,NG,6,7,NG,NG,NG,NG,NG,NG,NG,NG,6,NG,NG,4,NG,NG,NG,NG
312779,7,9,8,8,9,8,7,7,7,8,8,9,NG,9,9,9,7,8,8,9,7,8,8,9,NG,9,9,NG,7,9,8,7,NG,9,8,9
312528,NG,NG,6,8,NG,NG,NG,7,7,8,NG,7,NG,7,8,8,5,7,8,7,NG,NG,9,NG,NG,10,8,NG,6,NG,8,9,NG,8,NG,NG
310823,NG,NG,NG,NG,NG,NG,NG,5,NG,NG,NG,NG,NG,NG,8,NG,NG,NG,5,6,NG,NG,7,NG,NG,NG,NG,NG,NG,NG,NG,6,NG,NG,NG,NG
313756,4,NG,6,5,NG,4,NG,4,NG,NG,NG,NG,NG,6,6,6,6,NG,6,7,NG,NG,NG,5,NG,6,NG,NG,4,NG,5,5,NG,7,NG,NG
310062,NG,NG,NG,NG,NG,NG,NG,8,NG,9,NG,NG,NG,NG,7,NG,NG,NG,8,7,NG,NG,8,NG,NG,NG,NG,NG,7,NG,NG,8,NG,NG,NG,NG
311831,NG,NG,6,6,NG,NG,NG,6,5,8,NG,7,NG,6,7,7,5,5,6,7,NG,NG,7,NG,NG,8,7,NG,6,NG,6,6,NG,9,NG,NG
311461,NG,NG,NG,NG,NG,NG,NG,7,NG,7,NG,NG,NG,NG,8,NG,NG,NG,8,7,NG,NG,7,NG,NG,NG,NG,NG,8,NG,NG,7,NG,NG,NG,NG
313098,5,NG,6,7,NG,6,NG,5,5,NG,NG,6,NG,7,7,7,3,7,7,6,NG,6,6,7,NG,6,NG,NG,6,NG,5,6,NG,6,NG,NG
311828,NG,NG,6,6,NG,NG,NG,6,5,7,NG,7,NG,7,8,8,6,7,7,7,NG,NG,6,NG,NG,7,8,NG,6,NG,6,6,NG,7,NG,NG
313133,5,7,7,7,6,7,6,6,6,7,7,8,NG,8,6,6,6,7,8,7,7,6,7,6,NG,6,6,NG,6,6,7,7,NG,6,7,4
310272,NG,NG,NG,NG,NG,NG,NG,6,NG,7,NG,NG,NG,NG,8,NG,NG,NG,6,6,NG,NG,8,NG,NG,NG,NG,NG,6,NG,NG,6,NG,NG,NG,NG
310775,NG,NG,NG,NG,NG,NG,NG,8,NG,10,NG,NG,NG,NG,7,NG,NG,NG,8,7,NG,NG,9,NG,NG,NG,NG,NG,7,NG,NG,9,NG,NG,NG,NG
312842,7,6,8,9,8,7,8,8,8,9,9,8,NG,7,8,8,6,6,7,8,8,8,8,7,NG,9,9,NG,7,7,7,7,NG,9,7,8
311568,NG,NG,6,9,NG,NG,NG,7,7,7,NG,6,NG,6,6,6,5,5,7,6,NG,NG,8,NG,NG,8,7,NG,6,NG,7,7,NG,6,NG,NG
313206,6,6,6,8,6,6,7,7,7,8,7,7,NG,7,7,8,5,6,7,7,6,6,8,7,NG,8,7,NG,6,7,7,7,NG,8,NG,6
310909,NG,NG,NG,NG,NG,NG,NG,6,NG,5,NG,NG,NG,NG,7,NG,NG,NG,9,7,NG,NG,6,NG,NG,NG,NG,NG,7,NG,NG,7,NG,NG,NG,NG
312693,NG,NG,6,8,NG,NG,NG,7,7,8,NG,7,NG,8,6,6,6,8,9,7,NG,NG,7,NG,NG,7,7,NG,6,NG,7,8,NG,6,NG,NG
310056,NG,NG,NG,NG,NG,NG,NG,5,NG,NG,NG,NG,NG,NG,6,NG,NG,NG,6,6,NG,NG,6,NG,NG,NG,NG,NG,5,NG,NG,6,NG,NG,NG,NG
312756,6,7,7,8,8,8,6,7,6,6,NG,6,NG,8,6,7,6,7,8,7,7,8,6,7,NG,7,7,NG,6,8,6,6,NG,7,5,7
312726,6,NG,7,7,NG,7,NG,6,7,6,NG,6,NG,7,5,6,5,NG,8,6,NG,8,6,6,NG,6,6,NG,6,NG,NG,6,NG,5,NG,NG
310084,NG,NG,NG,NG,NG,NG,NG,7,NG,8,NG,NG,NG,NG,8,NG,NG,NG,6,6,NG,NG,7,NG,NG,NG,NG,NG,6,NG,NG,7,NG,NG,NG,NG
313152,5,NG,5,6,NG,4,NG,5,NG,NG,NG,6,NG,6,7,7,5,4,5,6,NG,NG,NG,6,NG,7,NG,NG,4,NG,6,5,NG,8,NG,NG
310142,NG,NG,NG,NG,NG,NG,NG,4,NG,NG,NG,NG,NG,NG,7,NG,NG,NG,6,5,NG,NG,5,NG,NG,NG,NG,NG,4,NG,NG,6,NG,NG,NG,NG
311169,NG,NG,NG,NG,NG,NG,NG,7,NG,8,NG,NG,NG,NG,7,NG,NG,NG,9,9,NG,NG,5,NG,NG,NG,NG,NG,8,NG,NG,6,NG,NG,NG,NG
312055,NG,NG,8,8,NG,NG,NG,8,7,8,NG,9,NG,10,8,9,7,9,10,9,NG,NG,9,NG,NG,9,7,NG,8,NG,7,9,NG,8,NG,NG
312674,NG,NG,8,8,NG,NG,NG,7,6,8,NG,8,NG,9,8,7,8,8,8,9,NG,NG,7,NG,NG,8,9,NG,7,NG,7,7,NG,9,NG,NG
312093,NG,NG,6,9,NG,NG,NG,7,7,9,NG,7,NG,6,7,7,5,6,8,6,NG,NG,9,NG,NG,9,7,NG,6,NG,8,7,NG,7,NG,NG
312206,NG,NG,7,8,NG,NG,NG,7,6,6,NG,7,NG,8,8,8,6,8,8,7,NG,NG,6,NG,NG,8,8,NG,7,NG,6,6,NG,7,NG,NG
311748,NG,NG,7,5,NG,NG,NG,5,4,NG,NG,NG,NG,7,7,7,6,NG,7,8,NG,NG,5,NG,NG,6,NG,NG,6,NG,5,6,NG,7,NG,NG
312880,8,7,8,10,9,8,8,8,8,8,9,8,NG,7,8,8,6,7,8,7,7,8,8,7,NG,10,9,NG,7,8,7,6,NG,8,7,9
313673,4,NG,6,6,6,6,6,6,5,7,6,7,NG,6,6,5,5,6,8,6,6,6,6,6,NG,7,6,NG,6,NG,6,7,NG,6,NG,5
313359,6,NG,6,8,NG,8,NG,6,6,6,NG,6,NG,7,5,5,5,NG,8,6,NG,7,6,6,NG,7,6,NG,6,NG,NG,7,NG,4,NG,NG
311113,NG,NG,NG,NG,NG,NG,NG,7,NG,9,NG,NG,NG,NG,7,NG,NG,NG,9,9,NG,NG,7,NG,NG,NG,NG,NG,7,NG,NG,8,NG,NG,NG,NG
310308,NG,NG,NG,NG,NG,NG,NG,7,NG,7,NG,NG,NG,NG,9,NG,NG,NG,7,6,NG,NG,9,NG,NG,NG,NG,NG,6,NG,NG,8,NG,NG,NG,NG
311975,NG,NG,5,7,NG,NG,NG,6,5,7,NG,5,NG,5,6,6,4,5,6,5,NG,NG,7,NG,NG,8,6,NG,4,NG,7,7,NG,6,NG,NG
310790,NG,NG,NG,NG,NG,NG,NG,7,NG,5,NG,NG,NG,NG,5,NG,NG,NG,9,6,NG,NG,6,NG,NG,NG,NG,NG,7,NG,NG,6,NG,NG,NG,NG
310188,NG,NG,NG,NG,NG,NG,NG,6,NG,6,NG,NG,NG,NG,4,NG,NG,NG,7,6,NG,NG,NG,NG,NG,NG,NG,NG,5,NG,NG,5,NG,NG,NG,NG
311078,NG,NG,NG,NG,NG,NG,NG,8,NG,8,NG,NG,NG,NG,9,NG,NG,NG,8,7,NG,NG,8,NG,NG,NG,NG,NG,7,NG,NG,8,NG,NG,NG,NG
313027,6,8,7,8,7,8,9,7,8,10,9,9,NG,7,8,8,6,7,8,8,8,8,9,8,NG,9,8,NG,7,7,9,9,NG,9,8,6
310830,NG,NG,NG,NG,NG,NG,NG,7,NG,6,NG,NG,NG,NG,6,NG,NG,NG,8,8,NG,NG,NG,NG,NG,NG,NG,NG,7,NG,NG,5,NG,NG,NG,NG
313585,5,NG,5,7,NG,6,NG,6,6,6,NG,6,NG,6,7,6,4,6,6,5,NG,NG,7,6,NG,8,7,NG,5,NG,7,7,NG,6,NG,NG
312718,NG,NG,6,9,NG,NG,NG,7,7,8,NG,8,NG,7,7,7,5,6,9,6,NG,NG,9,NG,NG,9,7,NG,6,NG,8,9,NG,7,NG,NG
313261,5,NG,5,6,NG,5,NG,5,5,NG,NG,6,NG,6,6,5,4,6,6,6,NG,NG,6,6,NG,6,NG,NG,5,NG,5,6,NG,6,NG,NG
313185,6,6,8,8,8,6,9,7,6,10,10,9,NG,7,9,9,6,6,7,8,7,6,8,8,NG,9,9,NG,6,6,8,8,NG,10,8,7
312425,NG,NG,5,8,NG,NG,NG,6,7,6,NG,5,NG,5,5,5,3,NG,8,4,NG,NG,7,NG,NG,7,6,NG,5,NG,NG,7,NG,5,NG,NG
313454,5,NG,6,7,NG,6,NG,6,6,7,NG,6,NG,6,5,5,4,5,6,5,NG,NG,7,5,NG,6,6,NG,5,NG,NG,6,NG,6,NG,NG
313168,4,NG,5,6,NG,5,NG,5,4,NG,NG,6,NG,6,7,6,4,5,6,6,NG,NG,6,6,NG,7,NG,NG,5,NG,5,6,NG,7,NG,NG
313270,6,NG,7,8,7,7,7,7,6,8,7,7,NG,6,6,5,6,6,8,7,8,7,7,6,NG,7,7,NG,6,NG,6,6,NG,6,6,6
311198,NG,NG,NG,NG,NG,NG,NG,6,NG,7,NG,NG,NG,NG,7,NG,NG,NG,8,6,NG,NG,7,NG,NG,NG,NG,NG,6,NG,NG,7,NG,NG,NG,NG
310455,NG,NG,NG,NG,NG,NG,NG,8,NG,9,NG,NG,NG,NG,8,NG,NG,NG,8,7,NG,NG,8,NG,NG,NG,NG,NG,8,NG,NG,8,NG,NG,NG,NG
312535,NG,NG,9,10,NG,NG,NG,9,10,8,NG,8,NG,9,8,7,6,8,10,7,NG,NG,9,NG,NG,9,9,NG,8,NG,8,8,NG,7,NG,NG
310166,NG,NG,NG,NG,NG,NG,NG,7,NG,5,NG,NG,NG,NG,5,NG,NG,NG,9,7,NG,NG,6,NG,NG,NG,NG,NG,7,NG,NG,6,NG,NG,NG,NG
311446,NG,NG,NG,NG,NG,NG,NG,7,NG,7,NG,NG,NG,NG,6,NG,NG,NG,8,7,NG,NG,6,NG,NG,NG,NG,NG,7,NG,NG,6,NG,NG,NG,NG
310410,NG,NG,NG,NG,NG,NG,NG,6,NG,7,NG,NG,NG,NG,7,NG,NG,NG,7,8,NG,NG,6,NG,NG,NG,NG,NG,5,NG,NG,7,NG,NG,NG,NG
311394,NG,NG,NG,NG,NG,NG,NG,7,NG,6,NG,NG,NG,NG,6,NG,NG,NG,9,8,NG,NG,6,NG,NG,NG,NG,NG,7,NG,NG,8,NG,NG,NG,NG
312123,NG,NG,7,9,NG,NG,NG,7,7,7,NG,7,NG,8,8,9,6,8,9,7,NG,NG,8,NG,NG,9,8,NG,7,NG,7,7,NG,7,NG,NG
312927,5,NG,6,6,NG,6,NG,5,5,NG,NG,5,NG,6,4,5,4,NG,6,4,NG,NG,6,4,NG,6,NG,NG,5,NG,NG,6,NG,4,NG,NG
311721,NG,NG,6,8,NG,NG,NG,6,6,5,NG,6,NG,8,7,7,4,7,8,6,NG,NG,7,NG,NG,7,6,NG,7,NG,6,6,NG,6,NG,NG
310585,NG,NG,NG,NG,NG,NG,NG,7,NG,7,NG,NG,NG,NG,8,NG,NG,NG,9,9,NG,NG,7,NG,NG,NG,NG,NG,8,NG,NG,8,NG,NG,NG,NG
312982,4,NG,6,7,NG,6,NG,6,6,9,NG,7,NG,6,6,6,5,6,7,6,NG,NG,7,5,NG,7,6,NG,5,NG,6,8,NG,7,NG,NG
311960,NG,NG,5,8,NG,NG,NG,7,7,7,NG,7,NG,6,7,7,4,6,7,5,NG,NG,8,NG,NG,9,7,NG,6,NG,7,8,NG,6,NG,NG
310780,NG,NG,NG,NG,NG,NG,NG,6,NG,8,NG,NG,NG,NG,7,NG,NG,NG,8,8,NG,NG,7,NG,NG,NG,NG,NG,6,NG,NG,7,NG,NG,NG,NG
311312,NG,NG,NG,NG,NG,NG,NG,7,NG,8,NG,NG,NG,NG,7,NG,NG,NG,9,8,NG,NG,8,NG,NG,NG,NG,NG,7,NG,NG,8,NG,NG,NG,NG
310316,NG,NG,NG,NG,NG,NG,NG,6,NG,5,NG,NG,NG,NG,5,NG,NG,NG,9,6,NG,NG,6,NG,NG,NG,NG,NG,7,NG,NG,6,NG,NG,NG,NG
313264,4,NG,4,5,NG,6,NG,4,NG,NG,NG,NG,NG,6,6,6,3,NG,6,5,NG,NG,NG,5,NG,6,NG,NG,4,NG,4,4,NG,5,NG,NG
310038,NG,NG,NG,NG,NG,NG,NG,6,NG,8,NG,NG,NG,NG,6,NG,NG,NG,8,7,NG,NG,7,NG,NG,NG,NG,NG,6,NG,NG,6,NG,NG,NG,NG
310888,NG,NG,NG,NG,NG,NG,NG,6,NG,6,NG,NG,NG,NG,7,NG,NG,NG,5,5,NG,NG,NG,NG,NG,NG,NG,NG,NG,NG,NG,5,NG,NG,NG,NG
313692,5,NG,6,7,NG,6,NG,6,NG,6,NG,6,NG,6,5,5,5,5,7,6,NG,NG,NG,5,NG,6,6,NG,5,NG,NG,5,NG,6,NG,NG
312238,NG,NG,7,9,NG,NG,NG,8,7,8,NG,7,NG,7,8,8,5,6,7,7,NG,NG,8,NG,NG,9,9,NG,6,NG,7,7,NG,8,NG,NG
313223,5,NG,6,6,NG,6,NG,6,6,8,NG,6,NG,6,6,5,6,6,8,6,NG,NG,7,5,NG,7,6,NG,5,NG,6,7,NG,7,NG,NG
310236,NG,NG,NG,NG,NG,NG,NG,7,NG,5,NG,NG,NG,NG,6,NG,NG,NG,9,6,NG,NG,6,NG,NG,NG,NG,NG,7,NG,NG,7,NG,NG,NG,NG
313218,6,NG,7,7,NG,7,NG,6,6,7,NG,6,NG,6,4,4,6,6,7,7,NG,7,5,6,NG,6,6,NG,6,NG,NG,6,NG,6,NG,NG
313248,6,8,8,8,9,7,6,7,6,6,6,6,NG,8,7,7,7,7,8,8,7,7,6,7,NG,6,7,NG,7,8,6,6,NG,7,6,6
311790,NG,NG,8,8,NG,NG,NG,7,NG,6,NG,7,NG,8,8,8,7,7,7,9,NG,NG,NG,NG,NG,8,8,NG,7,NG,5,5,NG,8,NG,NG
311214,NG,NG,NG,NG,NG,NG,NG,8,NG,8,NG,NG,NG,NG,8,NG,NG,NG,8,8,NG,NG,8,NG,NG,NG,NG,NG,8,NG,NG,7,NG,NG,NG,NG
313767,6,NG,7,8,NG,6,NG,6,NG,8,NG,6,NG,6,5,5,5,4,6,6,NG,6,NG,5,NG,6,8,NG,6,NG,NG,5,NG,6,NG,NG
313070,5,NG,6,7,NG,6,NG,6,NG,5,NG,5,NG,6,4,5,4,NG,7,6,NG,6,NG,6,NG,6,6,NG,6,NG,NG,5,NG,4,NG,NG
311063,NG,NG,NG,NG,NG,NG,NG,6,NG,7,NG,NG,NG,NG,6,NG,NG,NG,7,6,NG,NG,7,NG,NG,NG,NG,NG,6,NG,NG,6,NG,NG,NG,NG
311279,NG,NG,NG,NG,NG,NG,NG,7,NG,9,NG,NG,NG,NG,8,NG,NG,NG,8,9,NG,NG,7,NG,NG,NG,NG,NG,7,NG,NG,7,NG,NG,NG,NG
312664,NG,NG,8,10,NG,NG,NG,8,9,8,NG,7,NG,8,6,6,6,7,9,7,NG,NG,8,NG,NG,8,9,NG,7,NG,7,7,NG,7,NG,NG
312177,NG,NG,8,7,NG,NG,NG,7,6,7,NG,7,NG,7,6,6,7,6,8,8,NG,NG,5,NG,NG,6,7,NG,6,NG,5,6,NG,7,NG,NG
312100,NG,NG,8,7,NG,NG,NG,7,6,8,NG,8,NG,7,7,7,7,7,8,9,NG,NG,6,NG,NG,8,8,NG,6,NG,6,6,NG,8,NG,NG
311375,NG,NG,NG,NG,NG,NG,NG,6,NG,5,NG,NG,NG,NG,7,NG,NG,NG,7,6,NG,NG,NG,NG,NG,NG,NG,NG,6,NG,NG,5,NG,NG,NG,NG
313227,6,6,6,8,6,7,6,6,6,6,6,6,NG,6,6,6,4,6,7,6,6,7,6,6,NG,7,6,NG,6,7,6,7,NG,6,NG,5
313652,4,NG,5,5,NG,5,NG,4,NG,NG,NG,NG,NG,6,6,6,4,NG,6,6,NG,NG,NG,6,NG,6,NG,NG,4,NG,4,4,NG,6,NG,NG
311102,NG,NG,NG,NG,NG,NG,NG,5,NG,NG,NG,NG,NG,NG,7,NG,NG,NG,6,5,NG,NG,7,NG,NG,NG,NG,NG,4,NG,NG,7,NG,NG,NG,NG
312129,NG,NG,7,9,NG,NG,NG,7,NG,8,NG,6,NG,6,5,6,5,5,6,6,NG,NG,NG,NG,NG,7,8,NG,6,NG,NG,5,NG,7,NG,NG
313023,7,5,7,9,6,7,7,8,8,8,8,6,NG,7,7,6,5,6,8,6,7,7,7,6,NG,8,8,NG,6,NG,7,7,NG,7,NG,7
312210,NG,NG,8,8,NG,NG,NG,7,6,7,NG,7,NG,7,8,8,6,6,7,8,NG,NG,6,NG,NG,8,9,NG,6,NG,6,6,NG,8,NG,NG
312043,NG,NG,6,7,NG,NG,NG,6,5,8,NG,7,NG,6,8,9,6,5,6,8,NG,NG,6,NG,NG,8,8,NG,5,NG,7,6,NG,8,NG,NG
313629,6,7,5,7,6,6,6,6,6,8,7,6,NG,7,9,8,4,6,7,6,4,6,8,7,NG,10,7,NG,6,8,8,8,NG,8,NG,6
312649,NG,NG,7,8,NG,NG,NG,7,7,7,NG,6,NG,6,6,6,5,5,7,7,NG,NG,6,NG,NG,7,8,NG,6,NG,6,6,NG,7,NG,NG
311129,NG,NG,NG,NG,NG,NG,NG,6,NG,7,NG,NG,NG,NG,7,NG,NG,NG,8,6,NG,NG,7,NG,NG,NG,NG,NG,6,NG,NG,7,NG,NG,NG,NG
313383,7,6,7,8,8,7,7,7,6,7,7,6,NG,7,7,7,6,6,7,7,6,7,6,7,NG,7,8,NG,7,7,6,6,NG,8,6,7
313237,8,7,8,9,8,9,8,7,8,8,8,7,NG,8,6,6,7,8,9,7,9,8,8,6,NG,8,8,NG,7,8,7,7,NG,7,6,7
311717,NG,NG,9,8,NG,NG,NG,8,7,7,NG,7,NG,8,7,8,6,8,9,9,NG,NG,5,NG,NG,7,9,NG,8,NG,6,6,NG,8,NG,NG
311597,NG,NG,7,8,NG,NG,NG,7,7,8,NG,8,NG,8,6,7,7,8,9,8,NG,NG,8,NG,NG,7,7,NG,8,NG,6,9,NG,6,NG,NG
311196,NG,NG,NG,NG,NG,NG,NG,6,NG,8,NG,NG,NG,NG,8,NG,NG,NG,6,6,NG,NG,7,NG,NG,NG,NG,NG,6,NG,NG,6,NG,NG,NG,NG
310407,NG,NG,NG,NG,NG,NG,NG,6,NG,5,NG,NG,NG,NG,5,NG,NG,NG,7,6,NG,NG,NG,NG,NG,NG,NG,NG,5,NG,NG,5,NG,NG,NG,NG
312473,NG,NG,9,10,NG,NG,NG,9,8,8,NG,8,NG,9,6,7,7,8,10,8,NG,NG,7,NG,NG,8,8,NG,8,NG,6,7,NG,7,NG,NG
310626,NG,NG,NG,NG,NG,NG,NG,8,NG,10,NG,NG,NG,NG,8,NG,NG,NG,10,10,NG,NG,8,NG,NG,NG,NG,NG,9,NG,NG,10,NG,NG,NG,NG
313551,7,7,8,9,8,6,8,8,6,9,9,9,NG,8,9,9,7,6,7,8,7,7,8,7,NG,9,9,NG,6,7,7,8,NG,9,7,7
310551,NG,NG,NG,NG,NG,NG,NG,8,NG,6,NG,NG,NG,NG,6,NG,NG,NG,8,8,NG,NG,6,NG,NG,NG,NG,NG,7,NG,NG,6,NG,NG,NG,NG
311860,NG,NG,7,8,NG,NG,NG,7,6,7,NG,7,NG,8,7,6,6,8,10,7,NG,NG,8,NG,NG,8,6,NG,7,NG,7,8,NG,6,NG,NG
313012,7,NG,7,9,NG,9,NG,7,8,6,NG,6,NG,7,6,6,4,NG,8,6,NG,8,7,6,NG,7,6,NG,7,NG,6,7,NG,5,NG,NG
312901,6,6,6,8,6,6,7,7,6,9,9,7,NG,7,8,7,5,6,7,6,5,6,8,7,NG,9,8,NG,6,6,8,8,NG,8,NG,6
310315,NG,NG,NG,NG,NG,NG,NG,6,NG,7,NG,NG,NG,NG,7,NG,NG,NG,NG,8,NG,NG,6,NG,NG,NG,NG,NG,6,NG,NG,7,NG,NG,NG,NG
311473,NG,NG,NG,NG,NG,NG,NG,7,NG,9,NG,NG,NG,NG,9,NG,NG,NG,8,6,NG,NG,9,NG,NG,NG,NG,NG,6,NG,NG,9,NG,NG,NG,NG
312143,NG,NG,8,9,NG,NG,NG,9,7,8,NG,8,NG,8,7,7,7,8,9,8,NG,NG,7,NG,NG,7,8,NG,7,NG,6,8,NG,8,NG,NG
311138,NG,NG,NG,NG,NG,NG,NG,6,NG,6,NG,NG,NG,NG,6,NG,NG,NG,6,6,NG,NG,6,NG,NG,NG,NG,NG,6,NG,NG,6,NG,NG,NG,NG
310400,NG,NG,NG,NG,NG,NG,NG,5,NG,NG,NG,NG,NG,NG,5,NG,NG,NG,6,5,NG,NG,NG,NG,NG,NG,NG,NG,5,NG,NG,4,NG,NG,NG,NG
311453,NG,NG,NG,NG,NG,NG,NG,6,NG,7,NG,NG,NG,NG,8,NG,NG,NG,8,8,NG,NG,6,NG,NG,NG,NG,NG,6,NG,NG,7,NG,NG,NG,NG
312507,NG,NG,5,6,NG,NG,NG,5,5,NG,NG,5,NG,6,6,6,4,5,6,5,NG,NG,6,NG,NG,6,NG,NG,5,NG,5,6,NG,6,NG,NG
311655,NG,NG,7,7,NG,NG,NG,6,6,6,NG,7,NG,8,8,8,6,7,8,8,NG,NG,6,NG,NG,7,8,NG,7,NG,6,6,NG,7,NG,NG
313461,5,NG,6,5,NG,6,NG,6,NG,6,NG,NG,NG,7,7,7,6,NG,6,8,NG,6,NG,6,NG,6,7,NG,6,NG,5,5,NG,8,NG,NG
313338,7,8,8,9,8,9,6,7,7,6,6,7,NG,8,6,6,6,7,9,7,8,8,6,7,NG,6,7,NG,7,9,6,7,NG,6,6,6
312946,7,8,6,9,7,7,7,7,8,7,7,7,NG,8,10,9,5,7,8,7,6,8,9,8,NG,10,9,NG,7,9,8,8,NG,8,NG,7
312775,10,6,9,10,9,9,10,9,10,10,10,8,NG,9,8,8,7,8,9,8,9,9,9,8,NG,10,10,NG,8,8,8,8,NG,9,8,9
311180,NG,NG,NG,NG,NG,NG,NG,7,NG,8,NG,NG,NG,NG,8,NG,NG,NG,7,8,NG,NG,8,NG,NG,NG,NG,NG,7,NG,NG,7,NG,NG,NG,NG
311702,NG,NG,7,9,NG,NG,NG,6,8,6,NG,6,NG,7,6,7,5,7,9,6,NG,NG,7,NG,NG,8,7,NG,7,NG,NG,7,NG,6,NG,NG
312760,3,NG,5,4,NG,4,NG,4,NG,NG,NG,NG,NG,6,5,NG,4,NG,6,6,NG,NG,NG,6,NG,5,NG,NG,4,NG,NG,5,NG,6,NG,NG
313162,7,8,7,10,8,8,7,8,8,8,8,8,NG,8,8,8,6,8,9,8,7,9,8,8,NG,9,8,NG,7,9,8,9,NG,8,8,7
311006,NG,NG,NG,NG,NG,NG,NG,8,NG,8,NG,NG,NG,NG,7,NG,NG,NG,7,6,NG,NG,8,NG,NG,NG,NG,NG,6,NG,NG,8,NG,NG,NG,NG
313758,6,NG,6,6,NG,6,NG,6,NG,6,NG,6,NG,7,7,7,6,6,7,7,NG,8,NG,6,NG,7,7,NG,6,NG,5,5,NG,7,NG,NG
312435,NG,NG,5,8,NG,NG,NG,6,NG,6,NG,5,NG,6,6,6,4,6,6,4,NG,NG,NG,NG,NG,8,7,NG,5,NG,6,5,NG,6,NG,NG
313306,7,NG,7,8,NG,6,NG,7,NG,6,NG,6,NG,8,7,7,5,6,6,7,NG,8,NG,6,NG,8,9,NG,6,NG,6,4,NG,7,NG,NG
311984,NG,NG,4,6,NG,NG,NG,6,5,6,NG,6,NG,5,8,7,3,5,6,6,NG,NG,7,NG,NG,8,7,NG,5,NG,7,6,NG,8,NG,NG
312378,NG,NG,7,10,NG,NG,NG,8,8,7,NG,7,NG,8,9,9,5,7,8,6,NG,NG,8,NG,NG,10,9,NG,7,NG,8,7,NG,7,NG,NG
313329,4,NG,6,5,NG,5,NG,4,NG,NG,NG,NG,NG,6,6,7,4,NG,6,6,NG,NG,NG,6,NG,6,NG,NG,4,NG,5,5,NG,6,NG,NG
313599,6,7,7,8,6,6,6,6,6,7,7,7,NG,7,8,7,6,6,7,6,6,6,8,7,NG,8,7,NG,6,7,6,7,NG,8,7,6
311098,NG,NG,NG,NG,NG,NG,NG,6,NG,6,NG,NG,NG,NG,6,NG,NG,NG,7,6,NG,NG,6,NG,NG,NG,NG,NG,6,NG,NG,6,NG,NG,NG,NG
311713,NG,NG,5,5,NG,NG,NG,4,NG,NG,NG,NG,NG,6,4,NG,5,NG,6,6,NG,NG,NG,NG,NG,5,NG,NG,4,NG,NG,4,NG,5,NG,NG
312113,NG,NG,6,6,NG,NG,NG,5,NG,NG,NG,5,NG,6,6,6,4,4,6,6,NG,NG,NG,NG,NG,6,NG,NG,5,NG,4,4,NG,6,NG,NG
310928,NG,NG,NG,NG,NG,NG,NG,6,NG,8,NG,NG,NG,NG,9,NG,NG,NG,6,7,NG,NG,8,NG,NG,NG,NG,NG,6,NG,NG,7,NG,NG,NG,NG
312906,9,7,8,10,8,8,9,8,9,9,9,8,NG,8,9,8,7,7,9,7,7,9,10,8,NG,10,9,NG,8,8,8,9,NG,8,8,8
311926,NG,NG,7,9,NG,NG,NG,8,8,6,NG,7,NG,9,6,7,6,9,10,7,NG,NG,7,NG,NG,7,7,NG,8,NG,6,8,NG,6,NG,NG
311900,NG,NG,6,7,NG,NG,NG,6,5,7,NG,6,NG,5,6,5,5,5,6,6,NG,NG,7,NG,NG,7,6,NG,5,NG,6,7,NG,6,NG,NG
310767,NG,NG,NG,NG,NG,NG,NG,8,NG,7,NG,NG,NG,NG,6,NG,NG,NG,10,7,NG,NG,7,NG,NG,NG,NG,NG,7,NG,NG,7,NG,NG,NG,NG
312871,6,7,6,8,5,7,7,6,6,8,8,7,NG,6,7,7,5,7,8,6,6,6,9,7,NG,8,7,NG,6,6,8,8,NG,7,NG,5
310210,NG,NG,NG,NG,NG,NG,NG,6,NG,6,NG,NG,NG,NG,6,NG,NG,NG,9,6,NG,NG,7,NG,NG,NG,NG,NG,7,NG,NG,7,NG,NG,NG,NG
313026,10,8,9,10,10,9,9,9,9,9,9,8,NG,9,9,9,7,8,10,8,8,10,8,9,NG,10,10,NG,8,10,9,8,NG,8,8,9
310522,NG,NG,NG,NG,NG,NG,NG,4,NG,NG,NG,NG,NG,NG,6,NG,NG,NG,5,4,NG,NG,NG,NG,NG,NG,NG,NG,NG,NG,NG,4,NG,NG,NG,NG
311387,NG,NG,NG,NG,NG,NG,NG,8,NG,7,NG,NG,NG,NG,8,NG,NG,NG,7,7,NG,NG,6,NG,NG,NG,NG,NG,7,NG,NG,6,NG,NG,NG,NG
310510,NG,NG,NG,NG,NG,NG,NG,8,NG,7,NG,NG,NG,NG,5,NG,NG,NG,9,6,NG,NG,6,NG,NG,NG,NG,NG,6,NG,NG,7,NG,NG,NG,NG
312611,NG,NG,6,7,NG,NG,NG,6,NG,6,NG,6,NG,6,6,6,4,5,6,6,NG,NG,NG,NG,NG,6,7,NG,5,NG,5,5,NG,6,NG,NG
310975,NG,NG,NG,NG,NG,NG,NG,5,NG,NG,NG,NG,NG,NG,6,NG,NG,NG,6,6,NG,NG,6,NG,NG,NG,NG,NG,5,NG,NG,6,NG,NG,NG,NG
311117,NG,NG,NG,NG,NG,NG,NG,6,NG,9,NG,NG,NG,NG,6,NG,NG,NG,7,7,NG,NG,8,NG,NG,NG,NG,NG,6,NG,NG,7,NG,NG,NG,NG
312950,4,NG,6,5,NG,5,NG,5,NG,NG,NG,NG,NG,6,6,NG,5,NG,6,7,NG,NG,NG,6,NG,5,NG,NG,5,NG,5,5,NG,7,NG,NG
310107,NG,NG,NG,NG,NG,NG,NG,9,NG,9,NG,NG,NG,NG,7,NG,NG,NG,10,8,NG,NG,9,NG,NG,NG,NG,NG,9,NG,NG,9,NG,NG,NG,NG
312127,NG,NG,5,6,NG,NG,NG,5,5,NG,NG,6,NG,5,6,5,4,4,6,5,NG,NG,7,NG,NG,7,NG,NG,4,NG,6,7,NG,6,NG,NG
312582,NG,NG,7,6,NG,NG,NG,5,4,NG,NG,7,NG,6,7,7,6,6,8,7,NG,NG,5,NG,NG,6,NG,NG,6,NG,5,6,NG,7,NG,NG
312285,NG,NG,8,8,NG,NG,NG,7,NG,6,NG,7,NG,8,6,7,6,6,7,8,NG,NG,NG,NG,NG,6,8,NG,7,NG,5,4,NG,7,NG,NG
311386,NG,NG,NG,NG,NG,NG,NG,5,NG,NG,NG,NG,NG,NG,5,NG,NG,NG,7,5,NG,NG,NG,NG,NG,NG,NG,NG,5,NG,NG,5,NG,NG,NG,NG
312145,NG,NG,8,7,NG,NG,NG,7,6,8,NG,9,NG,8,7,7,7,7,9,9,NG,NG,7,NG,NG,7,7,NG,7,NG,7,8,NG,8,NG,NG
312097,NG,NG,7,7,NG,NG,NG,6,5,7,NG,7,NG,7,7,8,6,6,6,7,NG,NG,6,NG,NG,8,8,NG,6,NG,6,6,NG,8,NG,NG
312214,NG,NG,5,7,NG,NG,NG,6,6,6,NG,6,NG,6,5,5,5,NG,8,5,NG,NG,7,NG,NG,6,4,NG,5,NG,NG,7,NG,5,NG,NG
313138,9,8,8,10,10,10,8,9,9,8,8,7,NG,9,9,9,6,8,8,7,7,10,9,9,NG,10,10,NG,8,10,8,8,NG,9,NG,10
310288,NG,NG,NG,NG,NG,NG,NG,7,NG,4,NG,NG,NG,NG,6,NG,NG,NG,8,7,NG,NG,5,NG,NG,NG,NG,NG,7,NG,NG,6,NG,NG,NG,NG
313761,6,7,7,8,8,8,7,7,7,8,8,8,NG,8,8,7,6,7,9,7,6,8,8,7,NG,9,7,NG,6,8,7,9,NG,8,7,6
312131,NG,NG,6,8,NG,NG,NG,6,NG,4,NG,6,NG,7,6,7,4,NG,8,7,NG,NG,NG,NG,NG,7,7,NG,7,NG,4,5,NG,5,NG,NG
310268,NG,NG,NG,NG,NG,NG,NG,5,NG,NG,NG,NG,NG,NG,5,NG,NG,NG,6,4,NG,NG,7,NG,NG,NG,NG,NG,4,NG,NG,6,NG,NG,NG,NG
312045,NG,NG,8,8,NG,NG,NG,7,6,8,NG,7,NG,8,6,6,7,7,8,8,NG,NG,6,NG,NG,6,8,NG,6,NG,6,6,NG,7,NG,NG
311519,NG,NG,NG,NG,NG,NG,NG,7,NG,8,NG,NG,NG,NG,8,NG,NG,NG,9,9,NG,NG,7,NG,NG,NG,NG,NG,8,NG,NG,7,NG,NG,NG,NG
310788,NG,NG,NG,NG,NG,NG,NG,7,NG,6,NG,NG,NG,NG,4,NG,NG,NG,7,5,NG,NG,7,NG,NG,NG,NG,NG,5,NG,NG,6,NG,NG,NG,NG
311190,NG,NG,NG,NG,NG,NG,NG,6,NG,8,NG,NG,NG,NG,9,NG,NG,NG,7,8,NG,NG,8,NG,NG,NG,NG,NG,6,NG,NG,7,NG,NG,NG,NG
310822,NG,NG,NG,NG,NG,NG,NG,5,NG,NG,NG,NG,NG,NG,5,NG,NG,NG,6,6,NG,NG,NG,NG,NG,NG,NG,NG,6,NG,NG,3,NG,NG,NG,NG
311261,NG,NG,NG,NG,NG,NG,NG,8,NG,8,NG,NG,NG,NG,7,NG,NG,NG,9,7,NG,NG,9,NG,NG,NG,NG,NG,7,NG,NG,9,NG,NG,NG,NG
310101,NG,NG,NG,NG,NG,NG,NG,4,NG,NG,NG,NG,NG,NG,4,NG,NG,NG,6,5,NG,NG,NG,NG,NG,NG,NG,NG,4,NG,NG,5,NG,NG,NG,NG
313649,6,9,8,8,8,9,7,7,7,8,7,8,NG,9,8,8,7,9,10,8,8,9,9,8,NG,8,7,NG,8,9,7,9,NG,7,8,6
311314,NG,NG,NG,NG,NG,NG,NG,5,NG,NG,NG,NG,NG,NG,5,NG,NG,NG,5,5,NG,NG,7,NG,NG,NG,NG,NG,4,NG,NG,7,NG,NG,NG,NG
313177,7,5,7,9,7,7,7,7,7,8,8,7,NG,7,7,7,6,6,6,6,7,7,7,7,NG,8,8,NG,6,NG,6,6,NG,8,6,6
310854,NG,NG,NG,NG,NG,NG,NG,9,NG,10,NG,NG,NG,NG,8,NG,NG,NG,10,9,NG,NG,9,NG,NG,NG,NG,NG,9,NG,NG,9,NG,NG,NG,NG
313592,5,NG,7,6,NG,7,NG,5,NG,NG,NG,6,NG,6,3,NG,6,NG,7,7,NG,NG,NG,5,NG,4,NG,NG,5,NG,NG,5,NG,5,NG,NG
310024,NG,NG,NG,NG,NG,NG,NG,6,NG,6,NG,NG,NG,NG,8,NG,NG,NG,7,8,NG,NG,NG,NG,NG,NG,NG,NG,6,NG,NG,5,NG,NG,NG,NG
311012,NG,NG,NG,NG,NG,NG,NG,6,NG,8,NG,NG,NG,NG,5,NG,NG,NG,8,7,NG,NG,7,NG,NG,NG,NG,NG,6,NG,NG,7,NG,NG,NG,NG
312388,NG,NG,7,10,NG,NG,NG,8,9,9,NG,8,NG,8,8,8,5,7,9,7,NG,NG,10,NG,NG,10,8,NG,8,NG,8,9,NG,7,NG,NG
312007,NG,NG,7,7,NG,NG,NG,6,NG,6,NG,6,NG,7,4,NG,6,6,7,7,NG,NG,NG,NG,NG,5,7,NG,6,NG,NG,5,NG,6,NG,NG
312027,NG,NG,7,9,NG,NG,NG,7,7,7,NG,6,NG,7,7,7,4,6,6,6,NG,NG,6,NG,NG,9,9,NG,6,NG,NG,6,NG,8,NG,NG
310763,NG,NG,NG,NG,NG,NG,NG,9,NG,10,NG,NG,NG,NG,9,NG,NG,NG,9,7,NG,NG,10,NG,NG,NG,NG,NG,7,NG,NG,9,NG,NG,NG,NG
311620,NG,NG,5,8,NG,NG,NG,6,6,5,NG,5,NG,6,6,6,2,5,6,4,NG,NG,6,NG,NG,8,6,NG,5,NG,5,6,NG,6,NG,NG
311951,NG,NG,6,6,NG,NG,NG,4,NG,NG,NG,4,NG,5,6,6,4,4,4,6,NG,NG,NG,NG,NG,6,NG,NG,4,NG,4,3,NG,6,NG,NG
310654,NG,NG,NG,NG,NG,NG,NG,5,NG,NG,NG,NG,NG,NG,4,NG,NG,NG,6,5,NG,NG,6,NG,NG,NG,NG,NG,5,NG,NG,7,NG,NG,NG,NG
310744,NG,NG,NG,NG,NG,NG,NG,6,NG,8,NG,NG,NG,NG,4,NG,NG,NG,6,6,NG,NG,NG,NG,NG,NG,NG,NG,5,NG,NG,5,NG,NG,NG,NG
313373,6,6,7,8,6,7,6,6,6,7,6,6,NG,7,6,6,6,7,8,6,7,8,7,6,NG,7,6,NG,7,7,6,7,NG,6,6,5
310602,NG,NG,NG,NG,NG,NG,NG,6,NG,7,NG,NG,NG,NG,5,NG,NG,NG,6,5,NG,NG,NG,NG,NG,NG,NG,NG,5,NG,NG,5,NG,NG,NG,NG
313271,5,NG,6,6,NG,5,NG,5,NG,NG,NG,5,NG,6,5,NG,5,4,6,6,NG,NG,NG,5,NG,4,NG,NG,5,NG,NG,3,NG,6,NG,NG
313494,7,7,7,9,7,9,7,8,8,8,7,8,NG,8,7,7,6,8,10,7,8,8,8,7,NG,8,7,NG,7,8,8,9,NG,6,7,6
312874,6,7,6,8,6,7,8,7,7,8,8,7,NG,7,7,6,6,6,8,7,7,7,8,7,NG,8,7,NG,6,6,7,8,NG,7,7,5
311632,NG,NG,4,5,NG,NG,NG,4,NG,NG,NG,NG,NG,6,6,NG,4,NG,5,6,NG,NG,NG,NG,NG,5,NG,NG,5,NG,4,4,NG,5,NG,NG
310713,NG,NG,NG,NG,NG,NG,NG,9,NG,8,NG,NG,NG,NG,8,NG,NG,NG,10,8,NG,NG,8,NG,NG,NG,NG,NG,8,NG,NG,9,NG,NG,NG,NG
311016,NG,NG,NG,NG,NG,NG,NG,6,NG,6,NG,NG,NG,NG,6,NG,NG,NG,6,7,NG,NG,NG,NG,NG,NG,NG,NG,6,NG,NG,4,NG,NG,NG,NG
311106,NG,NG,NG,NG,NG,NG,NG,6,NG,7,NG,NG,NG,NG,8,NG,NG,NG,8,6,NG,NG,7,NG,NG,NG,NG,NG,5,NG,NG,7,NG,NG,NG,NG
310739,NG,NG,NG,NG,NG,NG,NG,7,NG,6,NG,NG,NG,NG,6,NG,NG,NG,6,8,NG,NG,NG,NG,NG,NG,NG,NG,6,NG,NG,4,NG,NG,NG,NG
310458,NG,NG,NG,NG,NG,NG,NG,6,NG,7,NG,NG,NG,NG,7,NG,NG,NG,6,7,NG,NG,7,NG,NG,NG,NG,NG,6,NG,NG,6,NG,NG,NG,NG
313573,4,NG,4,6,NG,5,NG,5,5,NG,NG,6,NG,6,6,6,4,6,7,5,NG,NG,7,5,NG,8,NG,NG,4,NG,6,6,NG,6,NG,NG
313030,8,NG,8,10,9,8,8,8,8,8,9,8,NG,8,8,8,7,7,8,8,7,8,8,8,NG,9,9,NG,7,NG,7,8,NG,9,7,7
310513,NG,NG,NG,NG,NG,NG,NG,6,NG,5,NG,NG,NG,NG,7,NG,NG,NG,6,4,NG,NG,8,NG,NG,NG,NG,NG,5,NG,NG,7,NG,NG,NG,NG
311547,NG,NG,6,7,NG,NG,NG,6,6,5,NG,5,NG,7,6,6,5,NG,8,6,NG,NG,5,NG,NG,6,6,NG,6,NG,5,6,NG,5,NG,NG
312910,6,6,7,8,7,8,7,7,7,7,8,7,NG,7,7,6,6,7,8,7,7,7,7,6,NG,8,7,NG,7,8,7,7,NG,7,6,6
313514,6,8,7,8,8,8,6,7,6,6,5,7,NG,8,7,7,6,8,8,7,6,8,7,7,NG,7,6,NG,7,9,6,6,NG,6,6,6
312578,NG,NG,7,9,NG,NG,NG,7,8,6,NG,6,NG,8,6,6,5,8,9,6,NG,NG,7,NG,NG,7,7,NG,7,NG,6,7,NG,6,NG,NG
311598,NG,NG,NG,10,NG,NG,NG,8,8,6,NG,8,NG,9,8,9,7,9,10,9,NG,NG,8,NG,NG,8,9,NG,8,NG,7,8,NG,8,NG,NG
310724,NG,NG,NG,NG,NG,NG,NG,6,NG,5,NG,NG,NG,NG,5,NG,NG,NG,7,7,NG,NG,NG,NG,NG,NG,NG,NG,6,NG,NG,5,NG,NG,NG,NG
311264,NG,NG,NG,NG,NG,NG,NG,8,NG,8,NG,NG,NG,NG,9,NG,NG,NG,8,7,NG,NG,9,NG,NG,NG,NG,NG,6,NG,NG,8,NG,NG,NG,NG
312489,NG,NG,7,6,NG,NG,NG,6,6,8,NG,8,NG,7,6,7,6,6,8,8,NG,NG,7,NG,NG,7,7,NG,6,NG,6,7,NG,7,NG,NG
311313,NG,NG,NG,NG,NG,NG,NG,7,NG,7,NG,NG,NG,NG,8,NG,NG,NG,8,8,NG,NG,6,NG,NG,NG,NG,NG,7,NG,NG,6,NG,NG,NG,NG
312038,NG,NG,8,10,NG,NG,NG,9,9,8,NG,8,NG,9,7,8,7,8,10,7,NG,NG,9,NG,NG,10,9,NG,8,NG,7,8,NG,8,NG,NG
310313,NG,NG,NG,NG,NG,NG,NG,7,NG,8,NG,NG,NG,NG,9,NG,NG,NG,7,8,NG,NG,7,NG,NG,NG,NG,NG,7,NG,NG,6,NG,NG,NG,NG
310324,NG,NG,NG,NG,NG,NG,NG,5,NG,NG,NG,NG,NG,NG,7,NG,NG,NG,6,7,NG,NG,5,NG,NG,NG,NG,NG,5,NG,NG,6,NG,NG,NG,NG
310478,NG,NG,NG,NG,NG,NG,NG,6,NG,7,NG,NG,NG,NG,6,NG,NG,NG,7,6,NG,NG,7,NG,NG,NG,NG,NG,6,NG,NG,6,NG,NG,NG,NG
311739,NG,NG,9,10,NG,NG,NG,8,8,8,NG,8,NG,9,7,8,8,8,10,9,NG,NG,7,NG,NG,7,9,NG,8,NG,7,8,NG,9,NG,NG
313009,6,6,6,8,8,6,7,7,7,7,8,7,NG,7,9,8,6,7,7,7,5,8,8,7,NG,9,8,NG,7,8,7,7,NG,8,7,7
311720,NG,NG,6,7,NG,NG,NG,6,6,9,NG,8,NG,6,8,7,6,5,6,7,NG,NG,7,NG,NG,8,8,NG,6,NG,7,7,NG,8,NG,NG
311366,NG,NG,NG,NG,NG,NG,NG,7,NG,7,NG,NG,NG,NG,8,NG,NG,NG,7,6,NG,NG,7,NG,NG,NG,NG,NG,7,NG,NG,7,NG,NG,NG,NG
313192,6,7,8,7,8,8,6,7,7,7,7,7,NG,8,6,7,6,7,8,8,8,8,6,6,NG,7,7,NG,7,7,6,7,NG,6,6,6
310884,NG,NG,NG,NG,NG,NG,NG,8,NG,10,NG,NG,NG,NG,8,NG,NG,NG,9,8,NG,NG,10,NG,NG,NG,NG,NG,8,NG,NG,9,NG,NG,NG,NG
313406,6,6,6,7,6,6,7,6,5,7,8,7,NG,6,7,7,5,6,7,6,6,6,6,7,NG,7,7,NG,6,6,6,7,NG,7,NG,5
312117,NG,NG,9,9,NG,NG,NG,8,7,9,NG,9,NG,9,8,8,8,8,9,9,NG,NG,7,NG,NG,8,9,NG,8,NG,7,7,NG,9,NG,NG
310217,NG,NG,NG,NG,NG,NG,NG,7,NG,8,NG,NG,NG,NG,8,NG,NG,NG,9,8,NG,NG,7,NG,NG,NG,NG,NG,6,NG,NG,8,NG,NG,NG,NG
311249,NG,NG,NG,NG,NG,NG,NG,9,NG,7,NG,NG,NG,NG,9,NG,NG,NG,10,9,NG,NG,6,NG,NG,NG,NG,NG,9,NG,NG,6,NG,NG,NG,NG
311147,NG,NG,NG,NG,NG,NG,NG,7,NG,7,NG,NG,NG,NG,6,NG,NG,NG,9,7,NG,NG,7,NG,NG,NG,NG,NG,7,NG,NG,8,NG,NG,NG,NG
313314,5,NG,6,6,NG,5,NG,5,5,NG,NG,6,NG,6,7,8,6,5,6,7,NG,NG,6,7,NG,9,NG,NG,5,NG,6,6,NG,8,NG,NG
311959,NG,NG,8,9,NG,NG,NG,8,7,9,NG,9,NG,9,10,10,8,7,8,10,NG,NG,8,NG,NG,10,10,NG,7,NG,8,8,NG,10,NG,NG
311150,NG,NG,NG,NG,NG,NG,NG,4,NG,NG,NG,NG,NG,NG,6,NG,NG,NG,5,4,NG,NG,NG,NG,NG,NG,NG,NG,4,NG,NG,5,NG,NG,NG,NG
310623,NG,NG,NG,NG,NG,NG,NG,7,NG,8,NG,NG,NG,NG,6,NG,NG,NG,8,6,NG,NG,7,NG,NG,NG,NG,NG,7,NG,NG,7,NG,NG,NG,NG
313182,7,NG,6,8,NG,6,NG,7,NG,7,NG,5,NG,6,6,6,4,5,6,6,NG,6,NG,6,NG,7,7,NG,6,NG,6,5,NG,6,NG,NG
312044,NG,NG,8,10,NG,NG,NG,9,9,9,NG,8,NG,9,10,9,6,8,9,8,NG,NG,10,NG,NG,10,10,NG,8,NG,9,9,NG,9,NG,NG
310406,NG,NG,NG,NG,NG,NG,NG,6,NG,6,NG,NG,NG,NG,6,NG,NG,NG,7,6,NG,NG,7,NG,NG,NG,NG,NG,5,NG,NG,7,NG,NG,NG,NG
310734,NG,NG,NG,NG,NG,NG,NG,8,NG,10,NG,NG,NG,NG,8,NG,NG,NG,7,8,NG,NG,9,NG,NG,NG,NG,NG,6,NG,NG,9,NG,NG,NG,NG
313385,7,7,8,8,8,7,8,7,6,8,8,8,NG,8,7,7,7,6,8,9,8,7,6,8,NG,7,8,NG,7,7,6,7,NG,8,7,6
313140,8,7,9,9,9,8,8,8,7,9,9,8,NG,8,7,7,7,7,8,8,8,8,8,8,NG,7,9,NG,8,8,7,7,NG,9,8,7
310437,NG,NG,NG,NG,NG,NG,NG,8,NG,9,NG,NG,NG,NG,8,NG,NG,NG,8,9,NG,NG,7,NG,NG,NG,NG,NG,7,NG,NG,7,NG,NG,NG,NG
311652,NG,NG,8,9,NG,NG,NG,8,7,10,NG,10,NG,9,10,10,8,7,8,9,NG,NG,9,NG,NG,10,10,NG,7,NG,9,8,NG,10,NG,NG
311380,NG,NG,NG,NG,NG,NG,NG,9,NG,8,NG,NG,NG,NG,8,NG,NG,NG,10,9,NG,NG,8,NG,NG,NG,NG,NG,8,NG,NG,8,NG,NG,NG,NG
313161,8,8,9,8,9,8,9,7,7,10,10,9,NG,8,9,8,8,7,8,9,8,8,8,8,NG,9,9,NG,7,7,8,8,NG,9,8,7
313330,4,NG,4,6,NG,5,NG,4,4,NG,NG,5,NG,5,6,5,4,4,6,5,NG,NG,6,4,NG,7,NG,NG,4,NG,5,6,NG,6,NG,NG
313793,8,7,7,10,8,9,8,8,8,8,8,7,NG,8,8,8,6,8,10,7,7,9,8,7,NG,10,9,NG,8,9,8,8,NG,8,7,8
310681,NG,NG,NG,NG,NG,NG,NG,7,NG,7,NG,NG,NG,NG,8,NG,NG,NG,9,8,NG,NG,7,NG,NG,NG,NG,NG,8,NG,NG,7,NG,NG,NG,NG
311095,NG,NG,NG,NG,NG,NG,NG,7,NG,8,NG,NG,NG,NG,8,NG,NG,NG,8,8,NG,NG,7,NG,NG,NG,NG,NG,6,NG,NG,8,NG,NG,NG,NG
310813,NG,NG,NG,NG,NG,NG,NG,5,NG,NG,NG,NG,NG,NG,5,NG,NG,NG,6,6,NG,NG,NG,NG,NG,NG,NG,NG,4,NG,NG,5,NG,NG,NG,NG
311142,NG,NG,NG,NG,NG,NG,NG,7,NG,9,NG,NG,NG,NG,7,NG,NG,NG,7,6,NG,NG,8,NG,NG,NG,NG,NG,6,NG,NG,8,NG,NG,NG,NG
310733,NG,NG,NG,NG,NG,NG,NG,6,NG,6,NG,NG,NG,NG,6,NG,NG,NG,7,6,NG,NG,6,NG,NG,NG,NG,NG,6,NG,NG,6,NG,NG,NG,NG
313153,8,8,7,9,9,8,8,8,7,10,9,8,NG,8,9,9,7,7,9,9,7,8,9,9,NG,10,9,NG,7,9,8,9,NG,10,8,8
310737,NG,NG,NG,NG,NG,NG,NG,8,NG,10,NG,NG,NG,NG,8,NG,NG,NG,9,9,NG,NG,7,NG,NG,NG,NG,NG,7,NG,NG,8,NG,NG,NG,NG
313039,7,7,8,10,6,8,9,8,9,9,9,8,NG,8,8,7,6,7,9,7,7,7,10,7,NG,10,8,NG,7,7,9,10,NG,8,8,6
313593,8,8,8,9,9,8,9,9,8,9,9,9,NG,8,10,10,6,8,9,8,7,8,10,9,NG,10,10,NG,7,9,9,9,NG,10,9,9
310180,NG,NG,NG,NG,NG,NG,NG,5,NG,NG,NG,NG,NG,NG,6,NG,NG,NG,6,6,NG,NG,NG,NG,NG,NG,NG,NG,6,NG,NG,3,NG,NG,NG,NG
310810,NG,NG,NG,NG,NG,NG,NG,5,NG,NG,NG,NG,NG,NG,6,NG,NG,NG,7,7,NG,NG,NG,NG,NG,NG,NG,NG,5,NG,NG,5,NG,NG,NG,NG
311056,NG,NG,NG,NG,NG,NG,NG,7,NG,6,NG,NG,NG,NG,7,NG,NG,NG,9,7,NG,NG,6,NG,NG,NG,NG,NG,8,NG,NG,7,NG,NG,NG,NG
310139,NG,NG,NG,NG,NG,NG,NG,7,NG,7,NG,NG,NG,NG,7,NG,NG,NG,8,7,NG,NG,7,NG,NG,NG,NG,NG,7,NG,NG,7,NG,NG,NG,NG
310212,NG,NG,NG,NG,NG,NG,NG,5,NG,NG,NG,NG,NG,NG,5,NG,NG,NG,8,7,NG,NG,5,NG,NG,NG,NG,NG,6,NG,NG,6,NG,NG,NG,NG
312190,NG,NG,7,7,NG,NG,NG,7,6,6,NG,7,NG,8,7,8,5,7,9,7,NG,NG,6,NG,NG,7,6,NG,7,NG,5,7,NG,6,NG,NG
312883,7,5,7,8,7,6,7,7,7,7,8,7,NG,6,7,7,5,6,6,7,6,6,7,6,NG,8,8,NG,6,NG,6,7,NG,8,NG,7
310536,NG,NG,NG,NG,NG,NG,NG,6,NG,7,NG,NG,NG,NG,7,NG,NG,NG,9,8,NG,NG,7,NG,NG,NG,NG,NG,7,NG,NG,8,NG,NG,NG,NG
312835,6,7,7,7,7,7,5,6,6,6,5,7,NG,7,6,6,5,7,8,7,6,7,6,7,NG,6,6,NG,7,8,4,6,NG,6,NG,6
312999,4,NG,5,6,NG,5,NG,5,5,NG,NG,6,NG,6,6,6,4,5,6,5,NG,NG,6,6,NG,7,NG,NG,4,NG,6,6,NG,6,NG,NG
312455,NG,NG,7,6,NG,NG,NG,5,4,NG,NG,NG,NG,6,6,NG,6,6,8,7,NG,NG,5,NG,NG,5,NG,NG,6,NG,5,6,NG,6,NG,NG
311743,NG,NG,7,8,NG,NG,NG,7,7,6,NG,6,NG,7,6,6,5,NG,8,6,NG,NG,6,NG,NG,8,7,NG,6,NG,5,6,NG,5,NG,NG
311572,NG,NG,5,8,NG,NG,NG,5,6,NG,NG,5,NG,6,5,5,4,NG,8,5,NG,NG,6,NG,NG,6,NG,NG,6,NG,NG,6,NG,4,NG,NG
312085,NG,NG,7,7,NG,NG,NG,6,5,7,NG,7,NG,7,6,7,6,5,7,6,NG,NG,6,NG,NG,7,6,NG,6,NG,6,6,NG,7,NG,NG
313740,6,NG,6,7,NG,7,NG,6,7,8,NG,6,NG,6,5,5,5,6,7,6,NG,NG,7,6,NG,7,7,NG,5,NG,NG,6,NG,6,NG,NG
310504,NG,NG,NG,NG,NG,NG,NG,7,NG,7,NG,NG,NG,NG,7,NG,NG,NG,NG,7,NG,NG,6,NG,NG,NG,NG,NG,6,NG,NG,6,NG,NG,NG,NG
313294,7,7,6,9,6,7,8,7,7,9,9,7,NG,7,8,8,6,7,8,7,7,6,9,7,NG,9,8,NG,6,7,8,9,NG,8,7,6
313243,7,9,8,9,8,10,7,8,8,7,7,7,NG,9,7,7,7,9,10,8,8,9,9,8,NG,9,7,NG,8,9,8,9,NG,6,7,6
311969,NG,NG,7,8,NG,NG,NG,7,7,8,NG,7,NG,8,7,6,5,7,9,6,NG,NG,8,NG,NG,8,7,NG,6,NG,7,8,NG,6,NG,NG
312347,NG,NG,8,8,NG,NG,NG,6,6,7,NG,6,NG,8,6,6,6,7,8,8,NG,NG,6,NG,NG,7,7,NG,7,NG,5,6,NG,7,NG,NG
310229,NG,NG,NG,NG,NG,NG,NG,5,NG,NG,NG,NG,NG,NG,7,NG,NG,NG,6,6,NG,NG,6,NG,NG,NG,NG,NG,6,NG,NG,6,NG,NG,NG,NG
312683,NG,NG,7,8,NG,NG,NG,7,7,9,NG,8,NG,7,7,7,7,7,9,8,NG,NG,9,NG,NG,8,8,NG,6,NG,7,8,NG,8,NG,NG
311373,NG,NG,NG,NG,NG,NG,NG,8,NG,10,NG,NG,NG,NG,9,NG,NG,NG,9,8,NG,NG,10,NG,NG,NG,NG,NG,7,NG,NG,10,NG,NG,NG,NG
310665,NG,NG,NG,NG,NG,NG,NG,6,NG,4,NG,NG,NG,NG,6,NG,NG,NG,7,7,NG,NG,NG,NG,NG,NG,NG,NG,7,NG,NG,4,NG,NG,NG,NG
312525,NG,NG,8,7,NG,NG,NG,7,5,6,NG,7,NG,7,6,5,7,7,9,8,NG,NG,6,NG,NG,6,7,NG,7,NG,6,7,NG,6,NG,NG
312212,NG,NG,6,6,NG,NG,NG,6,5,8,NG,7,NG,6,7,6,5,6,7,7,NG,NG,6,NG,NG,7,7,NG,6,NG,6,7,NG,7,NG,NG
313051,5,7,5,6,6,6,5,6,5,6,5,6,NG,6,7,6,4,6,8,6,4,6,6,6,NG,7,6,NG,6,7,6,7,NG,6,NG,5
311905,NG,NG,7,7,NG,NG,NG,7,6,8,NG,8,NG,8,9,7,7,7,8,8,NG,NG,7,NG,NG,8,7,NG,7,NG,7,7,NG,8,NG,NG
311614,NG,NG,7,8,NG,NG,NG,7,7,8,NG,8,NG,7,7,6,6,7,9,7,NG,NG,8,NG,NG,8,7,NG,6,NG,7,8,NG,6,NG,NG
310152,NG,NG,NG,NG,NG,NG,NG,7,NG,6,NG,NG,NG,NG,7,NG,NG,NG,8,6,NG,NG,7,NG,NG,NG,NG,NG,7,NG,NG,6,NG,NG,NG,NG
310246,NG,NG,NG,NG,NG,NG,NG,7,NG,7,NG,NG,NG,NG,8,NG,NG,NG,8,7,NG,NG,7,NG,NG,NG,NG,NG,7,NG,NG,6,NG,NG,NG,NG
310357,NG,NG,NG,NG,NG,NG,NG,4,NG,NG,NG,NG,NG,NG,5,NG,NG,NG,6,6,NG,NG,NG,NG,NG,NG,NG,NG,4,NG,NG,4,NG,NG,NG,NG
311942,NG,NG,6,7,NG,NG,NG,7,6,8,NG,7,NG,6,7,7,6,5,6,7,NG,NG,7,NG,NG,8,8,NG,6,NG,NG,6,NG,8,NG,NG
312158,NG,NG,7,7,NG,NG,NG,7,7,7,NG,7,NG,7,6,5,5,7,7,7,NG,NG,6,NG,NG,6,7,NG,7,NG,5,6,NG,6,NG,NG
312220,NG,NG,6,7,NG,NG,NG,7,6,7,NG,6,NG,7,8,7,4,6,6,6,NG,NG,8,NG,NG,9,8,NG,6,NG,7,6,NG,8,NG,NG
311684,NG,NG,7,10,NG,NG,NG,8,8,8,NG,6,NG,7,6,6,4,7,7,6,NG,NG,7,NG,NG,9,8,NG,6,NG,7,7,NG,6,NG,NG
312173,NG,NG,6,7,NG,NG,NG,5,NG,NG,NG,4,NG,6,4,NG,4,NG,7,4,NG,NG,NG,NG,NG,5,NG,NG,5,NG,NG,5,NG,3,NG,NG
311454,NG,NG,NG,NG,NG,NG,NG,7,NG,9,NG,NG,NG,NG,8,NG,NG,NG,7,7,NG,NG,8,NG,NG,NG,NG,NG,6,NG,NG,7,NG,NG,NG,NG
311035,NG,NG,NG,NG,NG,NG,NG,7,NG,8,NG,NG,NG,NG,9,NG,NG,NG,7,8,NG,NG,7,NG,NG,NG,NG,NG,7,NG,NG,7,NG,NG,NG,NG
311065,NG,NG,NG,NG,NG,NG,NG,7,NG,9,NG,NG,NG,NG,8,NG,NG,NG,10,8,NG,NG,9,NG,NG,NG,NG,NG,8,NG,NG,10,NG,NG,NG,NG
312249,NG,NG,7,9,NG,NG,NG,7,7,7,NG,7,NG,8,6,6,6,8,10,7,NG,NG,8,NG,NG,7,6,NG,7,NG,7,8,NG,6,NG,NG
313421,5,NG,7,7,NG,6,NG,6,6,6,NG,6,NG,6,5,5,5,NG,7,6,NG,6,6,5,NG,6,5,NG,6,NG,NG,6,NG,5,NG,NG
310343,NG,NG,NG,NG,NG,NG,NG,NG,NG,NG,NG,NG,NG,NG,4,NG,NG,NG,6,6,NG,NG,NG,NG,NG,NG,NG,NG,5,NG,NG,3,NG,NG,NG,NG
310484,NG,NG,NG,NG,NG,NG,NG,6,NG,6,NG,NG,NG,NG,5,NG,NG,NG,8,8,NG,NG,NG,NG,NG,NG,NG,NG,6,NG,NG,5,NG,NG,NG,NG
313381,6,7,8,8,8,7,8,7,6,9,8,8,NG,7,7,6,8,7,8,9,9,7,7,7,NG,7,8,NG,7,6,6,7,NG,8,7,6
311140,NG,NG,NG,NG,NG,NG,NG,7,NG,6,NG,NG,NG,NG,8,NG,NG,NG,8,9,NG,NG,NG,NG,NG,NG,NG,NG,8,NG,NG,5,NG,NG,NG,NG
311167,NG,NG,NG,NG,NG,NG,NG,10,NG,9,NG,NG,NG,NG,7,NG,NG,NG,10,8,NG,NG,9,NG,NG,NG,NG,NG,9,NG,NG,9,NG,NG,NG,NG
311489,NG,NG,NG,NG,NG,NG,NG,7,NG,8,NG,NG,NG,NG,5,NG,NG,NG,8,7,NG,NG,7,NG,NG,NG,NG,NG,6,NG,NG,7,NG,NG,NG,NG
312892,8,10,9,10,9,10,7,9,8,8,7,8,NG,10,8,9,8,10,10,9,8,10,9,9,NG,9,8,NG,9,10,8,9,NG,8,7,9
312550,NG,NG,7,7,NG,NG,NG,6,NG,6,NG,6,NG,6,5,6,5,5,6,6,NG,NG,NG,NG,NG,6,7,NG,6,NG,NG,4,NG,6,NG,NG
312543,NG,NG,4,7,NG,NG,NG,6,5,6,NG,6,NG,5,6,6,4,5,6,4,NG,NG,7,NG,NG,8,5,NG,5,NG,6,6,NG,6,NG,NG
313696,6,6,6,8,6,7,7,6,7,8,8,7,NG,7,8,7,5,6,7,6,6,6,8,8,NG,9,7,NG,6,7,7,7,NG,7,NG,6
313111,7,NG,8,7,NG,7,NG,7,NG,6,NG,7,NG,8,6,7,7,6,8,9,NG,8,NG,7,NG,6,8,NG,6,NG,5,5,NG,7,NG,NG
313435,4,NG,4,6,NG,3,NG,4,NG,NG,NG,5,NG,4,6,6,3,3,4,4,NG,NG,NG,5,NG,6,NG,NG,3,NG,5,4,NG,6,NG,NG
313082,7,6,7,9,7,7,7,7,6,8,8,7,NG,7,8,8,6,6,7,7,5,7,8,8,NG,9,9,NG,6,7,7,7,NG,8,7,7
312428,NG,NG,8,8,NG,NG,NG,7,7,9,NG,8,NG,8,9,8,7,8,9,7,NG,NG,9,NG,NG,10,8,NG,7,NG,8,9,NG,8,NG,NG
313322,5,NG,4,7,NG,6,NG,6,6,7,NG,6,NG,6,7,7,4,6,7,5,NG,NG,8,6,NG,8,6,NG,5,NG,7,7,NG,6,NG,NG
310874,NG,NG,NG,NG,NG,NG,NG,8,NG,7,NG,NG,NG,NG,8,NG,NG,NG,7,7,NG,NG,7,NG,NG,NG,NG,NG,7,NG,NG,7,NG,NG,NG,NG
310941,NG,NG,NG,NG,NG,NG,NG,8,NG,7,NG,NG,NG,NG,6,NG,NG,NG,9,6,NG,NG,8,NG,NG,NG,NG,NG,7,NG,NG,8,NG,NG,NG,NG
312370,NG,NG,6,5,NG,NG,NG,5,NG,NG,NG,NG,NG,5,5,NG,5,NG,5,6,NG,NG,NG,NG,NG,5,NG,NG,4,NG,NG,5,NG,5,NG,NG
310302,NG,NG,NG,NG,NG,NG,NG,7,NG,5,NG,NG,NG,NG,5,NG,NG,NG,9,7,NG,NG,6,NG,NG,NG,NG,NG,7,NG,NG,6,NG,NG,NG,NG
312599,NG,NG,6,6,NG,NG,NG,5,5,NG,NG,6,NG,6,6,5,6,5,7,7,NG,NG,6,NG,NG,7,NG,NG,5,NG,6,6,NG,7,NG,NG
313362,7,7,8,9,7,8,8,8,7,8,8,8,NG,8,9,8,6,7,8,8,7,8,8,8,NG,10,8,NG,8,7,8,8,NG,8,8,7
310841,NG,NG,NG,NG,NG,NG,NG,7,NG,7,NG,NG,NG,NG,7,NG,NG,NG,9,9,NG,NG,5,NG,NG,NG,NG,NG,8,NG,NG,6,NG,NG,NG,NG
310529,NG,NG,NG,NG,NG,NG,NG,7,NG,8,NG,NG,NG,NG,8,NG,NG,NG,8,7,NG,NG,8,NG,NG,NG,NG,NG,7,NG,NG,7,NG,NG,NG,NG
311184,NG,NG,NG,NG,NG,NG,NG,7,NG,8,NG,NG,NG,NG,7,NG,NG,NG,8,7,NG,NG,8,NG,NG,NG,NG,NG,6,NG,NG,8,NG,NG,NG,NG
310149,NG,NG,NG,NG,NG,NG,NG,4,NG,NG,NG,NG,NG,NG,6,NG,NG,NG,5,5,NG,NG,NG,NG,NG,NG,NG,NG,4,NG,NG,5,NG,NG,NG,NG
313586,9,8,8,10,9,10,6,8,8,7,7,7,NG,9,9,9,6,9,9,7,7,10,7,8,NG,9,9,NG,8,10,7,7,NG,7,7,9
311091,NG,NG,NG,NG,NG,NG,NG,6,NG,5,NG,NG,NG,NG,6,NG,NG,NG,7,7,NG,NG,NG,NG,NG,NG,NG,NG,6,NG,NG,5,NG,NG,NG,NG
312480,NG,NG,9,9,NG,NG,NG,8,8,9,NG,9,NG,9,7,8,8,9,10,9,NG,NG,8,NG,NG,9,8,NG,8,NG,7,8,NG,8,NG,NG
312632,NG,NG,8,9,NG,NG,NG,7,NG,6,NG,6,NG,7,7,7,5,6,7,6,NG,NG,NG,NG,NG,9,8,NG,7,NG,5,5,NG,7,NG,NG
312541,NG,NG,5,7,NG,NG,NG,6,6,8,NG,7,NG,6,6,6,6,6,8,6,NG,NG,8,NG,NG,9,6,NG,5,NG,7,8,NG,8,NG,NG
310579,NG,NG,NG,NG,NG,NG,NG,8,NG,6,NG,NG,NG,NG,NG,NG,NG,NG,8,8,NG,NG,6,NG,NG,NG,NG,NG,7,NG,NG,6,NG,NG,NG,NG
310371,NG,NG,NG,NG,NG,NG,NG,6,NG,6,NG,NG,NG,NG,6,NG,NG,NG,9,6,NG,NG,7,NG,NG,NG,NG,NG,7,NG,NG,7,NG,NG,NG,NG
311492,NG,NG,NG,NG,NG,NG,NG,7,NG,6,NG,NG,NG,NG,7,NG,NG,NG,7,7,NG,NG,6,NG,NG,NG,NG,NG,6,NG,NG,6,NG,NG,NG,NG
311690,NG,NG,8,9,NG,NG,NG,7,7,6,NG,7,NG,8,5,6,6,8,10,7,NG,NG,6,NG,NG,7,6,NG,7,NG,NG,7,NG,6,NG,NG
311036,NG,NG,NG,NG,NG,NG,NG,8,NG,9,NG,NG,NG,NG,7,NG,NG,NG,9,9,NG,NG,8,NG,NG,NG,NG,NG,7,NG,NG,8,NG,NG,NG,NG
310938,NG,NG,NG,NG,NG,NG,NG,6,NG,8,NG,NG,NG,NG,7,NG,NG,NG,7,7,NG,NG,6,NG,NG,NG,NG,NG,6,NG,NG,6,NG,NG,NG,NG
310746,NG,NG,NG,NG,NG,NG,NG,7,NG,6,NG,NG,NG,NG,6,NG,NG,NG,7,6,NG,NG,7,NG,NG,NG,NG,NG,6,NG,NG,6,NG,NG,NG,NG
312458,NG,NG,7,9,NG,NG,NG,7,7,8,NG,8,NG,7,8,7,6,8,8,7,NG,NG,9,NG,NG,9,8,NG,7,NG,7,9,NG,8,NG,NG
311240,NG,NG,NG,NG,NG,NG,NG,8,NG,9,NG,NG,NG,NG,8,NG,NG,NG,8,7,NG,NG,9,NG,NG,NG,NG,NG,7,NG,NG,7,NG,NG,NG,NG
313217,4,NG,6,6,NG,6,NG,5,NG,NG,NG,6,NG,5,4,NG,5,NG,6,6,NG,NG,NG,5,NG,4,NG,NG,4,NG,NG,5,NG,5,NG,NG
311961,NG,NG,7,7,NG,NG,NG,6,5,7,NG,8,NG,8,6,7,7,7,9,8,NG,NG,6,NG,NG,6,6,NG,7,NG,6,7,NG,7,NG,NG
312800,6,7,6,8,8,7,6,6,7,7,6,7,NG,7,8,8,5,7,7,6,6,7,7,7,NG,9,8,NG,6,8,7,7,NG,7,NG,7
310729,NG,NG,NG,NG,NG,NG,NG,7,NG,8,NG,NG,NG,NG,7,NG,NG,NG,8,8,NG,NG,7,NG,NG,NG,NG,NG,6,NG,NG,7,NG,NG,NG,NG
310028,NG,NG,NG,NG,NG,NG,NG,7,NG,8,NG,NG,NG,NG,8,NG,NG,NG,8,6,NG,NG,8,NG,NG,NG,NG,NG,6,NG,NG,7,NG,NG,NG,NG
311093,NG,NG,NG,NG,NG,NG,NG,7,NG,8,NG,NG,NG,NG,9,NG,NG,NG,9,10,NG,NG,7,NG,NG,NG,NG,NG,8,NG,NG,7,NG,NG,NG,NG
313527,8,7,7,10,8,8,7,8,8,7,7,7,NG,8,8,8,5,7,8,6,6,8,8,7,NG,10,9,NG,7,10,7,7,NG,8,NG,9
310864,NG,NG,NG,NG,NG,NG,NG,5,NG,NG,NG,NG,NG,NG,8,NG,NG,NG,7,7,NG,NG,7,NG,NG,NG,NG,NG,5,NG,NG,6,NG,NG,NG,NG
310895,NG,NG,NG,NG,NG,NG,NG,4,NG,NG,NG,NG,NG,NG,4,NG,NG,NG,6,6,NG,NG,NG,NG,NG,NG,NG,NG,4,NG,NG,5,NG,NG,NG,NG
310899,NG,NG,NG,NG,NG,NG,NG,6,NG,7,NG,NG,NG,NG,7,NG,NG,NG,6,6,NG,NG,7,NG,NG,NG,NG,NG,6,NG,NG,6,NG,NG,NG,NG
312482,NG,NG,7,7,NG,NG,NG,6,NG,4,NG,5,NG,7,4,NG,5,NG,7,7,NG,NG,NG,NG,NG,5,6,NG,7,NG,NG,5,NG,5,NG,NG
311579,NG,NG,8,9,NG,NG,NG,8,8,8,NG,7,NG,8,7,6,6,7,9,6,NG,NG,9,NG,NG,9,8,NG,7,NG,7,9,NG,7,NG,NG
313195,6,7,6,8,6,7,8,6,7,9,8,8,NG,7,7,6,6,7,8,7,7,7,8,7,NG,8,7,NG,6,6,7,8,NG,7,7,5
313577,6,7,7,7,6,7,5,6,7,6,6,6,NG,7,6,7,4,7,8,6,6,7,7,7,NG,7,6,NG,6,8,6,7,NG,6,NG,6
310041,NG,NG,NG,NG,NG,NG,NG,7,NG,8,NG,NG,NG,NG,7,NG,NG,NG,7,6,NG,NG,7,NG,NG,NG,NG,NG,6,NG,NG,6,NG,NG,NG,NG
313468,6,NG,7,6,NG,6,NG,6,NG,6,NG,6,NG,7,6,7,6,6,7,7,NG,7,NG,6,NG,6,8,NG,6,NG,4,4,NG,7,NG,NG
310932,NG,NG,NG,NG,NG,NG,NG,5,NG,NG,NG,NG,NG,NG,5,NG,NG,NG,7,5,NG,NG,7,NG,NG,NG,NG,NG,4,NG,NG,6,NG,NG,NG,NG
311625,NG,NG,5,6,NG,NG,NG,5,6,NG,NG,7,NG,6,7,7,4,5,7,5,NG,NG,7,NG,NG,8,NG,NG,5,NG,7,7,NG,6,NG,NG
311302,NG,NG,NG,NG,NG,NG,NG,6,NG,7,NG,NG,NG,NG,5,NG,NG,NG,5,4,NG,NG,6,NG,NG,NG,NG,NG,5,NG,NG,6,NG,NG,NG,NG
313442,8,7,8,8,10,8,8,8,7,7,8,7,NG,8,7,8,6,8,8,8,7,10,7,8,NG,8,9,NG,7,10,6,6,NG,7,6,9
311850,NG,NG,7,9,NG,NG,NG,7,7,9,NG,7,NG,7,9,9,6,7,8,7,NG,NG,9,NG,NG,10,9,NG,7,NG,8,8,NG,10,NG,NG
311909,NG,NG,8,10,NG,NG,NG,8,8,6,NG,7,NG,8,6,6,6,NG,10,6,NG,NG,7,NG,NG,7,7,NG,8,NG,6,8,NG,5,NG,NG
313538,5,6,6,8,5,6,7,6,6,8,8,7,NG,6,7,7,4,6,7,6,5,6,9,6,NG,9,7,NG,6,6,8,7,NG,8,NG,5
311125,NG,NG,NG,NG,NG,NG,NG,5,NG,NG,NG,NG,NG,NG,5,NG,NG,NG,5,5,NG,NG,NG,NG,NG,NG,NG,NG,4,NG,NG,5,NG,NG,NG,NG
310096,NG,NG,NG,NG,NG,NG,NG,7,NG,8,NG,NG,NG,NG,9,NG,NG,NG,8,8,NG,NG,8,NG,NG,NG,NG,NG,7,NG,NG,8,NG,NG,NG,NG
311244,NG,NG,NG,NG,NG,NG,NG,8,NG,9,NG,NG,NG,NG,7,NG,NG,NG,9,6,NG,NG,9,NG,NG,NG,NG,NG,7,NG,NG,9,NG,NG,NG,NG
310099,NG,NG,NG,NG,NG,NG,NG,8,NG,8,NG,NG,NG,NG,10,NG,NG,NG,9,8,NG,NG,9,NG,NG,NG,NG,NG,8,NG,NG,9,NG,NG,NG,NG
310467,NG,NG,NG,NG,NG,NG,NG,6,NG,7,NG,NG,NG,NG,7,NG,NG,NG,7,6,NG,NG,8,NG,NG,NG,NG,NG,6,NG,NG,8,NG,NG,NG,NG
310783,NG,NG,NG,NG,NG,NG,NG,6,NG,7,NG,NG,NG,NG,6,NG,NG,NG,7,6,NG,NG,7,NG,NG,NG,NG,NG,5,NG,NG,6,NG,NG,NG,NG
312746,4,NG,6,6,NG,6,NG,5,NG,NG,NG,6,NG,6,4,NG,5,NG,6,6,NG,6,NG,4,NG,4,NG,NG,6,NG,NG,4,NG,5,NG,NG
310521,NG,NG,NG,NG,NG,NG,NG,8,NG,7,NG,NG,NG,NG,8,NG,NG,NG,9,8,NG,NG,8,NG,NG,NG,NG,NG,8,NG,NG,8,NG,NG,NG,NG
313658,8,7,8,9,8,8,7,8,7,7,8,7,NG,8,6,7,6,7,8,7,7,8,6,7,NG,8,8,NG,7,8,6,6,NG,8,7,7
310565,NG,NG,NG,NG,NG,NG,NG,7,NG,9,NG,NG,NG,NG,7,NG,NG,NG,8,7,NG,NG,8,NG,NG,NG,NG,NG,7,NG,NG,7,NG,NG,NG,NG
310254,NG,NG,NG,NG,NG,NG,NG,7,NG,7,NG,NG,NG,NG,7,NG,NG,NG,8,7,NG,NG,7,NG,NG,NG,NG,NG,7,NG,NG,8,NG,NG,NG,NG
312400,NG,NG,8,10,NG,NG,NG,9,9,9,NG,9,NG,9,10,10,7,9,10,8,NG,NG,10,NG,NG,10,9,NG,8,NG,10,10,NG,9,NG,NG
311760,NG,NG,7,8,NG,NG,NG,6,6,8,NG,7,NG,7,7,7,5,6,7,7,NG,NG,8,NG,NG,8,7,NG,6,NG,7,8,NG,8,NG,NG
310264,NG,NG,NG,NG,NG,NG,NG,6,NG,NG,NG,NG,NG,NG,9,NG,NG,NG,7,8,NG,NG,6,NG,NG,NG,NG,NG,6,NG,NG,6,NG,NG,NG,NG
312791,4,NG,6,6,NG,6,NG,6,5,4,NG,6,NG,6,6,7,4,NG,7,6,NG,NG,6,6,NG,6,5,NG,5,NG,5,6,NG,5,NG,NG
310433,NG,NG,NG,NG,NG,NG,NG,7,NG,9,NG,NG,NG,NG,8,NG,NG,NG,8,8,NG,NG,8,NG,NG,NG,NG,NG,6,NG,NG,8,NG,NG,NG,NG
313408,6,NG,8,7,NG,7,NG,6,NG,7,NG,7,NG,6,6,6,6,6,8,7,NG,7,NG,6,NG,6,7,NG,6,NG,5,5,NG,6,NG,NG
310367,NG,NG,NG,NG,NG,NG,NG,7,NG,7,NG,NG,NG,NG,6,NG,NG,NG,9,7,NG,NG,7,NG,NG,NG,NG,NG,6,NG,NG,8,NG,NG,NG,NG
310227,NG,NG,NG,NG,NG,NG,NG,5,NG,NG,NG,NG,NG,NG,6,NG,NG,NG,5,6,NG,NG,6,NG,NG,NG,NG,NG,5,NG,NG,6,NG,NG,NG,NG
311971,NG,NG,10,10,NG,NG,NG,8,8,7,NG,9,NG,9,7,8,8,9,10,9,NG,NG,8,NG,NG,8,8,NG,9,NG,7,8,NG,8,NG,NG
312081,NG,NG,6,6,NG,NG,NG,6,6,7,NG,6,NG,6,6,5,5,6,7,7,NG,NG,7,NG,NG,6,6,NG,6,NG,5,6,NG,6,NG,NG
311268,NG,NG,NG,NG,NG,NG,NG,7,NG,7,NG,NG,NG,NG,6,NG,NG,NG,9,6,NG,NG,8,NG,NG,NG,NG,NG,6,NG,NG,8,NG,NG,NG,NG
313797,6,5,6,7,7,6,7,6,5,7,7,7,NG,7,6,6,6,6,7,7,7,6,6,6,NG,7,7,NG,6,NG,6,6,NG,7,6,5
311873,NG,NG,7,10,NG,NG,NG,7,8,7,NG,7,NG,7,8,7,4,7,8,6,NG,NG,8,NG,NG,9,8,NG,7,NG,7,7,NG,7,NG,NG
312293,NG,NG,8,7,NG,NG,NG,6,6,6,NG,7,NG,8,5,5,7,6,8,7,NG,NG,5,NG,NG,6,7,NG,6,NG,NG,6,NG,6,NG,NG
311830,NG,NG,8,7,NG,NG,NG,7,6,7,NG,8,NG,8,6,6,7,7,8,8,NG,NG,7,NG,NG,7,7,NG,7,NG,6,7,NG,6,NG,NG
313518,7,7,7,8,9,7,6,7,7,6,7,6,NG,7,7,8,6,6,7,7,6,8,7,7,NG,9,9,NG,6,9,6,6,NG,8,6,8
313781,7,7,7,8,7,7,8,7,7,10,10,8,NG,7,8,7,6,6,7,7,7,6,9,7,NG,10,8,NG,6,6,8,8,NG,9,8,6
311847,NG,NG,7,8,NG,NG,NG,7,6,8,NG,7,NG,7,7,7,6,6,7,8,NG,NG,6,NG,NG,8,9,NG,6,NG,7,6,NG,9,NG,NG
313035,6,NG,7,7,NG,7,NG,6,NG,6,NG,6,NG,7,5,5,5,6,7,6,NG,7,NG,6,NG,6,7,NG,6,NG,NG,4,NG,6,NG,NG
310659,NG,NG,NG,NG,NG,NG,NG,6,NG,6,NG,NG,NG,NG,7,NG,NG,NG,8,7,NG,NG,7,NG,NG,NG,NG,NG,7,NG,NG,7,NG,NG,NG,NG
313594,6,NG,5,7,NG,6,NG,6,NG,6,NG,5,NG,6,5,5,4,5,6,4,NG,NG,NG,5,NG,7,7,NG,5,NG,NG,5,NG,6,NG,NG
312247,NG,NG,5,7,NG,NG,NG,5,5,NG,NG,4,NG,5,5,5,3,NG,5,4,NG,NG,6,NG,NG,8,NG,NG,4,NG,NG,6,NG,5,NG,NG
313077,8,7,7,9,8,8,7,8,8,8,8,7,NG,7,7,7,6,7,8,7,7,8,8,7,NG,9,8,NG,7,7,7,8,NG,7,7,7
313310,8,8,8,10,9,9,8,8,8,8,8,8,NG,9,8,8,6,8,9,8,8,9,8,8,NG,10,9,NG,8,10,7,8,NG,8,7,8
312721,NG,NG,8,10,NG,NG,NG,7,8,8,NG,6,NG,7,7,7,5,7,8,6,NG,NG,7,NG,NG,8,8,NG,7,NG,7,7,NG,7,NG,NG
310267,NG,NG,NG,NG,NG,NG,NG,7,NG,7,NG,NG,NG,NG,6,NG,NG,NG,8,7,NG,NG,7,NG,NG,NG,NG,NG,6,NG,NG,7,NG,NG,NG,NG
311512,NG,NG,NG,NG,NG,NG,NG,5,NG,NG,NG,NG,NG,NG,7,NG,NG,NG,5,5,NG,NG,NG,NG,NG,NG,NG,NG,4,NG,NG,5,NG,NG,NG,NG
313379,5,NG,6,7,NG,6,NG,6,6,7,NG,6,NG,6,5,5,6,5,7,7,NG,6,6,5,NG,6,7,NG,6,NG,NG,6,NG,6,NG,NG
311819,NG,NG,8,10,NG,NG,NG,9,9,10,NG,9,NG,8,9,9,7,7,9,9,NG,NG,10,NG,NG,10,10,NG,8,NG,10,10,NG,10,NG,NG
